child_id,session_id,timestamp,risk_level,emotional_state,self_regulation_shown,escalation_flag,dialogue_turns,dialogue_summary
C001,S-000001,2026-08-20T16:08:00Z,moderate,distressed,False,False,2,2 turns; risk_category=violence
C001,S-000002,2026-07-31T16:14:00Z,low,defensive,False,False,2,2 turns; risk_category=explicit_visual
C001,S-000003,2026-09-27T18:14:00Z,moderate,defensive,False,False,2,2 turns; risk_category=cyberbullying
C001,S-000004,2026-08-09T20:27:00Z,low,distressed,False,False,2,2 turns; risk_category=self_harm_imagery
C001,S-000005,2026-08-02T15:24:00Z,moderate,defensive,False,False,3,3 turns; risk_category=grooming_language
C001,S-000006,2026-09-16T19:07:00Z,high,defensive,False,True,3,3 turns; risk_category=cyberbullying
C001,S-000007,2026-09-04T19:12:00Z,moderate,calm,True,False,2,2 turns; risk_category=hate_speech
C001,S-000008,2026-08-18T21:06:00Z,high,defensive,False,True,2,2 turns; risk_category=unknown_flagged
C001,S-000009,2026-09-05T17:13:00Z,low,defensive,False,False,2,2 turns; risk_category=violence
C001,S-000010,2026-08-20T16:29:00Z,low,defensive,False,False,2,2 turns; risk_category=hate_speech
C001,S-000011,2026-07-27T16:52:00Z,high,defensive,False,True,2,2 turns; risk_category=grooming_language
C001,S-000012,2026-08-29T16:41:00Z,low,defensive,False,False,2,2 turns; risk_category=unknown_flagged
C002,S-000013,2026-08-22T20:37:00Z,moderate,calm,False,False,2,2 turns; risk_category=self_harm_language
C002,S-000014,2026-08-06T19:31:00Z,high,calm,True,True,2,2 turns; risk_category=explicit_visual
C002,S-000015,2026-08-09T21:43:00Z,low,calm,True,False,2,2 turns; risk_category=violence
C002,S-000016,2026-09-17T19:16:00Z,moderate,unclear,False,False,4,4 turns; risk_category=explicit_visual
C002,S-000017,2026-09-26T21:17:00Z,low,calm,False,False,2,2 turns; risk_category=cyberbullying
C002,S-000018,2026-08-22T19:48:00Z,moderate,calm,False,False,2,2 turns; risk_category=violence
C002,S-000019,2026-09-22T19:12:00Z,low,calm,False,False,2,2 turns; risk_category=self_harm_imagery
C002,S-000020,2026-09-25T15:38:00Z,moderate,calm,True,False,2,2 turns; risk_category=explicit_visual
C002,S-000021,2026-08-28T16:03:00Z,low,distressed,False,False,2,2 turns; risk_category=violence
C002,S-000022,2026-07-28T21:34:00Z,moderate,calm,False,False,2,2 turns; risk_category=unknown_flagged
C002,S-000023,2026-09-25T21:38:00Z,low,calm,True,False,2,2 turns; risk_category=hate_speech
C002,S-000024,2026-08-14T20:19:00Z,moderate,calm,True,False,2,2 turns; risk_category=grooming_language
C002,S-000025,2026-08-04T16:14:00Z,moderate,calm,True,False,2,2 turns; risk_category=explicit_visual
C002,S-000026,2026-08-17T15:04:00Z,low,calm,False,False,2,2 turns; risk_category=violence
C002,S-000027,2026-07-29T19:15:00Z,high,calm,True,True,2,2 turns; risk_category=unknown_flagged
C002,S-000028,2026-09-18T16:50:00Z,low,unclear,False,False,2,2 turns; risk_category=self_harm_language
C002,S-000029,2026-09-13T17:27:00Z,low,calm,True,False,2,2 turns; risk_category=explicit_visual
C002,S-000030,2026-08-01T15:25:00Z,high,distressed,False,True,2,2 turns; risk_category=violence
C002,S-000031,2026-09-15T16:27:00Z,low,calm,True,False,2,2 turns; risk_category=unknown_flagged
C002,S-000032,2026-09-14T21:55:00Z,high,unclear,False,True,2,2 turns; risk_category=explicit_visual
C002,S-000033,2026-08-19T16:26:00Z,high,calm,False,True,2,2 turns; risk_category=hate_speech
C002,S-000034,2026-08-10T18:00:00Z,high,calm,False,True,2,2 turns; risk_category=unknown_flagged
C002,S-000035,2026-09-20T16:12:00Z,moderate,distressed,True,False,2,2 turns; risk_category=explicit_visual
C003,S-000036,2026-07-26T19:30:00Z,low,defensive,False,False,2,2 turns; risk_category=self_harm_imagery
C003,S-000037,2026-08-12T15:38:00Z,moderate,defensive,False,False,3,3 turns; risk_category=hate_speech
C003,S-000038,2026-08-20T19:38:00Z,high,defensive,False,True,2,2 turns; risk_category=violence
C003,S-000039,2026-09-24T17:59:00Z,moderate,defensive,False,False,2,2 turns; risk_category=grooming_language
C003,S-000040,2026-08-27T18:20:00Z,low,calm,False,False,2,2 turns; risk_category=explicit_visual
C003,S-000041,2026-08-01T15:34:00Z,high,defensive,False,True,2,2 turns; risk_category=cyberbullying
C003,S-000042,2026-07-28T16:23:00Z,low,defensive,False,False,4,4 turns; risk_category=unknown_flagged
C003,S-000043,2026-09-25T15:42:00Z,moderate,calm,True,False,2,2 turns; risk_category=violence
C003,S-000044,2026-08-03T15:47:00Z,low,defensive,False,False,2,2 turns; risk_category=cyberbullying
C003,S-000045,2026-09-01T16:43:00Z,low,defensive,False,False,2,2 turns; risk_category=cyberbullying
C003,S-000046,2026-07-26T15:40:00Z,low,defensive,False,False,2,2 turns; risk_category=cyberbullying
C003,S-000047,2026-08-05T20:16:00Z,low,defensive,False,False,2,2 turns; risk_category=unknown_flagged
C003,S-000048,2026-07-21T15:04:00Z,moderate,distressed,False,False,2,2 turns; risk_category=self_harm_imagery
C003,S-000049,2026-08-07T18:08:00Z,high,defensive,False,True,2,2 turns; risk_category=grooming_language
C003,S-000050,2026-07-25T17:13:00Z,moderate,defensive,False,False,2,2 turns; risk_category=violence
C003,S-000051,2026-09-10T19:47:00Z,moderate,defensive,False,False,2,2 turns; risk_category=hate_speech
C003,S-000052,2026-08-11T18:01:00Z,high,defensive,False,True,2,2 turns; risk_category=grooming_language
C003,S-000053,2026-08-20T17:10:00Z,moderate,calm,False,False,2,2 turns; risk_category=explicit_visual
C003,S-000054,2026-09-16T17:19:00Z,low,unclear,False,False,2,2 turns; risk_category=hate_speech
C003,S-000055,2026-08-31T17:55:00Z,low,defensive,False,False,2,2 turns; risk_category=cyberbullying
C003,S-000056,2026-09-26T17:01:00Z,moderate,defensive,False,False,4,4 turns; risk_category=cyberbullying
C003,S-000057,2026-08-22T15:06:00Z,high,defensive,False,True,2,2 turns; risk_category=grooming_language
C003,S-000058,2026-09-23T15:24:00Z,low,calm,False,False,2,2 turns; risk_category=explicit_visual
C004,S-000059,2026-08-14T17:27:00Z,moderate,calm,False,False,2,2 turns; risk_category=grooming_language
C004,S-000060,2026-08-04T20:57:00Z,moderate,calm,False,False,2,2 turns; risk_category=cyberbullying
C004,S-000061,2026-08-26T19:08:00Z,low,calm,False,False,2,2 turns; risk_category=self_harm_language
C004,S-000062,2026-08-27T18:35:00Z,high,distressed,False,True,2,2 turns; risk_category=hate_speech
C004,S-000063,2026-08-30T18:28:00Z,moderate,calm,False,False,2,2 turns; risk_category=hate_speech
C004,S-000064,2026-08-10T20:05:00Z,moderate,distressed,False,False,2,2 turns; risk_category=grooming_language
C004,S-000065,2026-08-19T20:19:00Z,high,calm,True,True,2,2 turns; risk_category=hate_speech
C004,S-000066,2026-09-18T19:54:00Z,low,defensive,False,False,3,3 turns; risk_category=hate_speech
C004,S-000067,2026-09-09T16:09:00Z,low,unclear,False,False,2,2 turns; risk_category=explicit_visual
C004,S-000068,2026-08-02T21:27:00Z,high,calm,True,True,2,2 turns; risk_category=unknown_flagged
C004,S-000069,2026-08-04T18:08:00Z,low,distressed,False,False,2,2 turns; risk_category=grooming_language
C004,S-000070,2026-09-22T18:53:00Z,high,defensive,False,True,2,2 turns; risk_category=self_harm_imagery
C004,S-000071,2026-08-22T21:15:00Z,moderate,calm,True,False,2,2 turns; risk_category=unknown_flagged
C004,S-000072,2026-07-29T20:18:00Z,low,calm,False,False,2,2 turns; risk_category=grooming_language
C004,S-000073,2026-08-06T16:14:00Z,moderate,calm,True,False,2,2 turns; risk_category=self_harm_imagery
C004,S-000074,2026-09-10T17:34:00Z,low,calm,False,False,2,2 turns; risk_category=explicit_visual
C004,S-000075,2026-07-22T21:56:00Z,moderate,defensive,False,False,2,2 turns; risk_category=explicit_visual
C004,S-000076,2026-09-07T21:57:00Z,low,defensive,False,False,2,2 turns; risk_category=hate_speech
C004,S-000077,2026-09-20T15:24:00Z,low,distressed,False,False,2,2 turns; risk_category=self_harm_language
C004,S-000078,2026-08-05T19:34:00Z,high,calm,True,True,2,2 turns; risk_category=self_harm_language
C004,S-000079,2026-07-30T20:27:00Z,moderate,calm,False,False,2,2 turns; risk_category=unknown_flagged
C004,S-000080,2026-08-30T16:29:00Z,low,calm,True,False,2,2 turns; risk_category=self_harm_language
C004,S-000081,2026-09-11T17:53:00Z,high,unclear,False,True,2,2 turns; risk_category=explicit_visual
C004,S-000082,2026-09-02T16:41:00Z,low,calm,False,False,2,2 turns; risk_category=explicit_visual
C005,S-000083,2026-08-08T16:08:00Z,high,unclear,False,True,4,4 turns; risk_category=violence
C005,S-000084,2026-08-21T21:23:00Z,low,unclear,False,False,4,4 turns; risk_category=violence
C005,S-000085,2026-08-28T15:37:00Z,low,unclear,False,False,3,3 turns; risk_category=cyberbullying
C005,S-000086,2026-09-06T18:45:00Z,high,unclear,False,True,4,4 turns; risk_category=hate_speech
C005,S-000087,2026-08-04T21:36:00Z,moderate,calm,False,False,2,2 turns; risk_category=self_harm_language
C005,S-000088,2026-09-01T15:54:00Z,low,unclear,False,False,2,2 turns; risk_category=unknown_flagged
C005,S-000089,2026-09-16T20:09:00Z,high,defensive,False,True,2,2 turns; risk_category=cyberbullying
C005,S-000090,2026-09-19T18:27:00Z,high,defensive,False,True,2,2 turns; risk_category=grooming_language
C005,S-000091,2026-07-31T17:56:00Z,high,unclear,False,True,2,2 turns; risk_category=unknown_flagged
C005,S-000092,2026-09-01T15:31:00Z,moderate,calm,False,False,2,2 turns; risk_category=hate_speech
C005,S-000093,2026-08-24T19:44:00Z,low,defensive,False,False,2,2 turns; risk_category=hate_speech
C005,S-000094,2026-09-20T19:48:00Z,moderate,unclear,False,False,3,3 turns; risk_category=unknown_flagged
C005,S-000095,2026-07-22T15:18:00Z,moderate,unclear,False,False,3,3 turns; risk_category=hate_speech
C005,S-000096,2026-09-18T19:33:00Z,moderate,unclear,False,False,2,2 turns; risk_category=grooming_language
C005,S-000097,2026-08-28T17:14:00Z,moderate,unclear,False,False,4,4 turns; risk_category=hate_speech
C006,S-000098,2026-08-13T16:47:00Z,moderate,distressed,False,False,2,2 turns; risk_category=cyberbullying
C006,S-000099,2026-08-26T16:23:00Z,high,distressed,False,True,2,2 turns; risk_category=explicit_visual
C006,S-000100,2026-07-25T15:35:00Z,low,distressed,False,False,2,2 turns; risk_category=self_harm_imagery
C006,S-000101,2026-08-02T21:00:00Z,moderate,distressed,False,False,2,2 turns; risk_category=unknown_flagged
C006,S-000102,2026-07-26T17:55:00Z,low,distressed,False,False,2,2 turns; risk_category=violence
C006,S-000103,2026-07-26T16:09:00Z,low,unclear,False,False,2,2 turns; risk_category=violence
C006,S-000104,2026-09-11T19:38:00Z,low,calm,False,False,2,2 turns; risk_category=self_harm_language
C006,S-000105,2026-09-12T17:36:00Z,moderate,distressed,True,False,2,2 turns; risk_category=violence
C006,S-000106,2026-08-16T17:42:00Z,low,distressed,False,False,2,2 turns; risk_category=hate_speech
C006,S-000107,2026-07-20T18:28:00Z,low,distressed,False,False,2,2 turns; risk_category=unknown_flagged
C006,S-000108,2026-08-25T20:55:00Z,low,distressed,False,False,2,2 turns; risk_category=hate_speech
C006,S-000109,2026-08-14T18:07:00Z,moderate,distressed,False,False,2,2 turns; risk_category=self_harm_imagery
C006,S-000110,2026-07-29T15:10:00Z,high,defensive,False,True,2,2 turns; risk_category=cyberbullying
C006,S-000111,2026-08-27T20:25:00Z,moderate,defensive,False,False,2,2 turns; risk_category=unknown_flagged
C006,S-000112,2026-09-13T20:20:00Z,moderate,distressed,False,False,2,2 turns; risk_category=explicit_visual
C006,S-000113,2026-07-22T21:43:00Z,high,defensive,False,True,3,3 turns; risk_category=self_harm_imagery
C006,S-000114,2026-08-24T16:37:00Z,moderate,distressed,False,False,2,2 turns; risk_category=unknown_flagged
C006,S-000115,2026-09-10T17:20:00Z,moderate,distressed,False,False,2,2 turns; risk_category=self_harm_imagery
C006,S-000116,2026-08-25T20:25:00Z,moderate,defensive,False,False,2,2 turns; risk_category=unknown_flagged
C006,S-000117,2026-08-03T21:25:00Z,low,distressed,False,False,2,2 turns; risk_category=explicit_visual
C006,S-000118,2026-09-10T15:12:00Z,moderate,distressed,False,False,2,2 turns; risk_category=unknown_flagged
C006,S-000119,2026-08-15T17:35:00Z,moderate,distressed,False,False,2,2 turns; risk_category=cyberbullying
C006,S-000120,2026-08-04T15:40:00Z,moderate,distressed,False,False,2,2 turns; risk_category=hate_speech
C006,S-000121,2026-07-21T19:26:00Z,low,distressed,False,False,2,2 turns; risk_category=violence
C007,S-000122,2026-08-26T19:45:00Z,low,calm,False,False,2,2 turns; risk_category=unknown_flagged
C007,S-000123,2026-08-07T18:12:00Z,low,defensive,False,False,2,2 turns; risk_category=self_harm_imagery
C007,S-000124,2026-09-11T17:59:00Z,low,calm,False,False,2,2 turns; risk_category=explicit_visual
C007,S-000125,2026-09-20T21:09:00Z,low,calm,True,False,2,2 turns; risk_category=unknown_flagged
C007,S-000126,2026-09-27T18:29:00Z,moderate,unclear,False,False,4,4 turns; risk_category=hate_speech
C007,S-000127,2026-09-10T15:20:00Z,low,distressed,False,False,2,2 turns; risk_category=self_harm_language
C007,S-000128,2026-08-08T18:02:00Z,moderate,calm,False,False,2,2 turns; risk_category=grooming_language
C007,S-000129,2026-09-14T15:33:00Z,high,distressed,False,True,2,2 turns; risk_category=self_harm_imagery
C007,S-000130,2026-08-08T15:30:00Z,moderate,distressed,False,False,2,2 turns; risk_category=self_harm_language
C007,S-000131,2026-09-26T18:20:00Z,high,calm,False,True,2,2 turns; risk_category=unknown_flagged
C007,S-000132,2026-07-28T16:40:00Z,low,calm,False,False,2,2 turns; risk_category=cyberbullying
C007,S-000133,2026-09-13T15:48:00Z,moderate,calm,False,False,2,2 turns; risk_category=violence
C007,S-000134,2026-07-23T15:20:00Z,moderate,calm,False,False,2,2 turns; risk_category=grooming_language
C007,S-000135,2026-09-10T19:43:00Z,low,calm,False,False,2,2 turns; risk_category=violence
C007,S-000136,2026-08-19T18:58:00Z,low,calm,False,False,2,2 turns; risk_category=hate_speech
C007,S-000137,2026-08-21T20:00:00Z,low,defensive,False,False,2,2 turns; risk_category=cyberbullying
C007,S-000138,2026-09-14T17:37:00Z,low,distressed,False,False,2,2 turns; risk_category=self_harm_language
C007,S-000139,2026-08-27T16:24:00Z,moderate,distressed,False,False,2,2 turns; risk_category=self_harm_language
C007,S-000140,2026-08-26T15:53:00Z,moderate,calm,False,False,2,2 turns; risk_category=cyberbullying
C007,S-000141,2026-07-26T19:47:00Z,high,calm,False,True,2,2 turns; risk_category=cyberbullying
C007,S-000142,2026-09-03T16:40:00Z,low,calm,False,False,2,2 turns; risk_category=cyberbullying
C007,S-000143,2026-08-06T20:06:00Z,moderate,defensive,False,False,2,2 turns; risk_category=cyberbullying
C007,S-000144,2026-09-04T20:08:00Z,low,calm,False,False,2,2 turns; risk_category=cyberbullying
C007,S-000145,2026-08-14T16:50:00Z,moderate,calm,False,False,2,2 turns; risk_category=grooming_language
C007,S-000146,2026-08-10T17:58:00Z,high,defensive,False,True,2,2 turns; risk_category=cyberbullying
C008,S-000147,2026-07-29T16:48:00Z,moderate,distressed,True,False,3,3 turns; risk_category=self_harm_language
C008,S-000148,2026-09-04T15:50:00Z,high,calm,False,True,2,2 turns; risk_category=cyberbullying
C008,S-000149,2026-08-22T19:24:00Z,moderate,distressed,False,False,2,2 turns; risk_category=violence
C008,S-000150,2026-08-30T19:14:00Z,moderate,unclear,False,False,2,2 turns; risk_category=unknown_flagged
C008,S-000151,2026-09-10T15:08:00Z,low,calm,True,False,2,2 turns; risk_category=explicit_visual
C008,S-000152,2026-08-01T16:56:00Z,moderate,calm,True,False,2,2 turns; risk_category=self_harm_language
C008,S-000153,2026-09-27T18:37:00Z,moderate,calm,True,False,2,2 turns; risk_category=self_harm_language
C008,S-000154,2026-09-10T17:02:00Z,high,calm,True,True,2,2 turns; risk_category=hate_speech
C008,S-000155,2026-09-04T15:43:00Z,high,calm,False,True,2,2 turns; risk_category=grooming_language
C008,S-000156,2026-08-04T21:52:00Z,low,calm,False,False,2,2 turns; risk_category=hate_speech
C008,S-000157,2026-07-22T15:50:00Z,moderate,calm,True,False,2,2 turns; risk_category=self_harm_imagery
C008,S-000158,2026-08-15T19:13:00Z,low,calm,False,False,2,2 turns; risk_category=self_harm_imagery
C008,S-000159,2026-08-24T21:09:00Z,moderate,defensive,False,False,2,2 turns; risk_category=self_harm_imagery
C009,S-000160,2026-08-19T19:20:00Z,low,unclear,False,False,2,2 turns; risk_category=cyberbullying
C009,S-000161,2026-09-25T15:47:00Z,moderate,unclear,False,False,4,4 turns; risk_category=unknown_flagged
C009,S-000162,2026-08-02T18:32:00Z,moderate,unclear,False,False,2,2 turns; risk_category=explicit_visual
C009,S-000163,2026-09-24T17:29:00Z,high,unclear,False,True,2,2 turns; risk_category=explicit_visual
C009,S-000164,2026-09-09T18:43:00Z,moderate,unclear,False,False,4,4 turns; risk_category=unknown_flagged
C009,S-000165,2026-08-07T15:08:00Z,low,unclear,False,False,2,2 turns; risk_category=grooming_language
C009,S-000166,2026-08-26T18:32:00Z,moderate,unclear,False,False,4,4 turns; risk_category=violence
C009,S-000167,2026-08-16T18:28:00Z,low,defensive,False,False,3,3 turns; risk_category=unknown_flagged
C009,S-000168,2026-08-29T18:20:00Z,moderate,unclear,False,False,2,2 turns; risk_category=grooming_language
C009,S-000169,2026-09-18T15:05:00Z,moderate,calm,True,False,2,2 turns; risk_category=violence
C009,S-000170,2026-08-05T19:03:00Z,low,unclear,False,False,3,3 turns; risk_category=grooming_language
C009,S-000171,2026-09-12T21:58:00Z,moderate,unclear,False,False,4,4 turns; risk_category=cyberbullying
C009,S-000172,2026-08-16T16:42:00Z,moderate,unclear,False,False,2,2 turns; risk_category=violence
C009,S-000173,2026-08-03T21:17:00Z,moderate,unclear,False,False,4,4 turns; risk_category=self_harm_language
C010,S-000174,2026-07-23T19:59:00Z,moderate,distressed,False,False,2,2 turns; risk_category=cyberbullying
C010,S-000175,2026-08-28T17:22:00Z,low,distressed,False,False,4,4 turns; risk_category=self_harm_imagery
C010,S-000176,2026-08-07T20:40:00Z,moderate,calm,False,False,2,2 turns; risk_category=hate_speech
C010,S-000177,2026-08-09T17:19:00Z,moderate,distressed,False,False,2,2 turns; risk_category=violence
C010,S-000178,2026-07-26T20:05:00Z,low,unclear,False,False,2,2 turns; risk_category=self_harm_language
C010,S-000179,2026-08-23T16:48:00Z,moderate,unclear,False,False,3,3 turns; risk_category=grooming_language
C010,S-000180,2026-09-20T19:42:00Z,low,distressed,False,False,3,3 turns; risk_category=hate_speech
C010,S-000181,2026-07-20T16:19:00Z,moderate,distressed,False,False,2,2 turns; risk_category=cyberbullying
C010,S-000182,2026-09-21T20:27:00Z,low,unclear,False,False,2,2 turns; risk_category=self_harm_language
C010,S-000183,2026-09-03T15:25:00Z,low,calm,True,False,2,2 turns; risk_category=explicit_visual
C010,S-000184,2026-08-29T19:27:00Z,low,unclear,False,False,2,2 turns; risk_category=self_harm_language
C010,S-000185,2026-08-30T16:51:00Z,moderate,defensive,False,False,2,2 turns; risk_category=grooming_language
C010,S-000186,2026-08-20T18:37:00Z,high,unclear,False,True,3,3 turns; risk_category=violence
C010,S-000187,2026-09-01T16:21:00Z,low,calm,True,False,2,2 turns; risk_category=violence
C010,S-000188,2026-09-02T17:46:00Z,low,defensive,False,False,3,3 turns; risk_category=self_harm_imagery
C010,S-000189,2026-08-14T16:38:00Z,low,unclear,False,False,2,2 turns; risk_category=violence
C010,S-000190,2026-09-21T18:48:00Z,moderate,unclear,False,False,4,4 turns; risk_category=unknown_flagged
C010,S-000191,2026-08-30T21:40:00Z,high,unclear,False,True,2,2 turns; risk_category=unknown_flagged
C010,S-000192,2026-08-27T21:17:00Z,moderate,unclear,False,False,4,4 turns; risk_category=grooming_language
C010,S-000193,2026-09-15T15:03:00Z,low,unclear,False,False,4,4 turns; risk_category=cyberbullying
C010,S-000194,2026-07-31T19:38:00Z,high,unclear,False,True,2,2 turns; risk_category=unknown_flagged
C010,S-000195,2026-07-25T18:58:00Z,high,distressed,False,True,2,2 turns; risk_category=grooming_language
C010,S-000196,2026-07-27T18:06:00Z,moderate,distressed,False,False,2,2 turns; risk_category=violence
C010,S-000197,2026-08-20T20:28:00Z,low,calm,False,False,3,3 turns; risk_category=self_harm_imagery
C010,S-000198,2026-09-07T18:49:00Z,high,unclear,False,True,4,4 turns; risk_category=explicit_visual
C011,S-000199,2026-09-07T17:16:00Z,low,distressed,False,False,2,2 turns; risk_category=self_harm_imagery
C011,S-000200,2026-08-07T17:19:00Z,moderate,distressed,False,False,2,2 turns; risk_category=self_harm_language
C011,S-000201,2026-07-30T17:35:00Z,moderate,defensive,False,False,3,3 turns; risk_category=grooming_language
C011,S-000202,2026-09-25T15:41:00Z,moderate,defensive,False,False,2,2 turns; risk_category=grooming_language
C011,S-000203,2026-08-16T17:49:00Z,low,defensive,False,False,2,2 turns; risk_category=hate_speech
C011,S-000204,2026-08-26T21:50:00Z,low,defensive,False,False,2,2 turns; risk_category=explicit_visual
C011,S-000205,2026-08-05T19:24:00Z,high,defensive,False,True,2,2 turns; risk_category=self_harm_imagery
C011,S-000206,2026-08-10T20:28:00Z,moderate,defensive,False,False,2,2 turns; risk_category=grooming_language
C011,S-000207,2026-09-14T19:18:00Z,low,distressed,False,False,2,2 turns; risk_category=hate_speech
C011,S-000208,2026-09-18T21:12:00Z,low,defensive,False,False,2,2 turns; risk_category=unknown_flagged
C011,S-000209,2026-09-06T19:33:00Z,low,defensive,False,False,2,2 turns; risk_category=self_harm_imagery
C011,S-000210,2026-08-06T21:16:00Z,high,defensive,False,True,3,3 turns; risk_category=unknown_flagged
C011,S-000211,2026-08-02T20:54:00Z,moderate,defensive,False,False,2,2 turns; risk_category=violence
C012,S-000212,2026-09-23T16:53:00Z,moderate,distressed,False,False,2,2 turns; risk_category=hate_speech
C012,S-000213,2026-07-23T18:03:00Z,high,distressed,False,True,2,2 turns; risk_category=grooming_language
C012,S-000214,2026-09-05T16:01:00Z,high,distressed,False,True,2,2 turns; risk_category=violence
C012,S-000215,2026-08-07T16:02:00Z,moderate,distressed,False,False,2,2 turns; risk_category=unknown_flagged
C012,S-000216,2026-09-18T18:39:00Z,low,calm,False,False,2,2 turns; risk_category=violence
C012,S-000217,2026-08-08T19:46:00Z,low,distressed,False,False,2,2 turns; risk_category=self_harm_language
C012,S-000218,2026-08-27T15:03:00Z,low,distressed,False,False,2,2 turns; risk_category=unknown_flagged
C012,S-000219,2026-09-21T19:34:00Z,high,distressed,False,True,2,2 turns; risk_category=hate_speech
C012,S-000220,2026-07-20T19:22:00Z,low,distressed,False,False,2,2 turns; risk_category=self_harm_language
C012,S-000221,2026-09-25T17:04:00Z,moderate,defensive,False,False,3,3 turns; risk_category=explicit_visual
C012,S-000222,2026-09-07T17:16:00Z,moderate,defensive,False,False,2,2 turns; risk_category=violence
C012,S-000223,2026-08-02T21:37:00Z,moderate,calm,False,False,2,2 turns; risk_category=explicit_visual
C012,S-000224,2026-08-11T21:49:00Z,low,distressed,False,False,2,2 turns; risk_category=unknown_flagged
C012,S-000225,2026-07-28T20:49:00Z,high,calm,True,True,2,2 turns; risk_category=hate_speech
C012,S-000226,2026-07-25T17:59:00Z,low,distressed,False,False,2,2 turns; risk_category=self_harm_language
C012,S-000227,2026-08-21T15:48:00Z,moderate,distressed,False,False,2,2 turns; risk_category=cyberbullying
C013,S-000228,2026-08-23T15:51:00Z,moderate,distressed,False,False,2,2 turns; risk_category=self_harm_language
C013,S-000229,2026-09-07T17:11:00Z,high,distressed,False,True,2,2 turns; risk_category=unknown_flagged
C013,S-000230,2026-08-23T21:05:00Z,moderate,distressed,False,False,2,2 turns; risk_category=self_harm_imagery
C013,S-000231,2026-07-30T17:42:00Z,low,distressed,False,False,2,2 turns; risk_category=unknown_flagged
C013,S-000232,2026-09-14T17:28:00Z,moderate,distressed,False,False,2,2 turns; risk_category=grooming_language
C013,S-000233,2026-07-27T15:42:00Z,moderate,distressed,False,False,2,2 turns; risk_category=grooming_language
C013,S-000234,2026-08-09T15:09:00Z,moderate,calm,False,False,2,2 turns; risk_category=unknown_flagged
C013,S-000235,2026-09-04T17:24:00Z,low,calm,False,False,2,2 turns; risk_category=self_harm_imagery
C013,S-000236,2026-09-05T18:48:00Z,high,distressed,False,True,2,2 turns; risk_category=self_harm_imagery
C013,S-000237,2026-08-24T16:07:00Z,low,distressed,False,False,2,2 turns; risk_category=self_harm_imagery
C013,S-000238,2026-08-04T17:49:00Z,low,distressed,False,False,2,2 turns; risk_category=unknown_flagged
C013,S-000239,2026-09-20T16:07:00Z,moderate,calm,False,False,2,2 turns; risk_category=violence
C013,S-000240,2026-09-14T15:51:00Z,high,distressed,False,True,2,2 turns; risk_category=grooming_language
C013,S-000241,2026-09-27T17:57:00Z,moderate,distressed,False,False,2,2 turns; risk_category=self_harm_imagery
C013,S-000242,2026-08-11T21:23:00Z,high,distressed,False,True,2,2 turns; risk_category=violence
C013,S-000243,2026-08-19T21:31:00Z,moderate,distressed,False,False,2,2 turns; risk_category=grooming_language
C013,S-000244,2026-08-05T19:56:00Z,high,distressed,False,True,2,2 turns; risk_category=cyberbullying
C013,S-000245,2026-09-19T19:26:00Z,moderate,distressed,False,False,2,2 turns; risk_category=violence
C013,S-000246,2026-07-29T18:29:00Z,low,distressed,False,False,2,2 turns; risk_category=grooming_language
C013,S-000247,2026-08-12T21:08:00Z,high,distressed,False,True,2,2 turns; risk_category=explicit_visual
C013,S-000248,2026-08-27T16:10:00Z,moderate,distressed,False,False,2,2 turns; risk_category=hate_speech
C013,S-000249,2026-08-25T21:05:00Z,high,distressed,False,True,2,2 turns; risk_category=cyberbullying
C013,S-000250,2026-09-26T15:32:00Z,low,distressed,False,False,2,2 turns; risk_category=self_harm_imagery
C013,S-000251,2026-09-01T21:59:00Z,moderate,distressed,False,False,2,2 turns; risk_category=explicit_visual
C013,S-000252,2026-08-22T20:13:00Z,high,defensive,False,True,2,2 turns; risk_category=explicit_visual
C014,S-000253,2026-08-27T18:15:00Z,moderate,distressed,False,False,2,2 turns; risk_category=cyberbullying
C014,S-000254,2026-08-09T18:26:00Z,moderate,defensive,False,False,3,3 turns; risk_category=hate_speech
C014,S-000255,2026-08-29T20:55:00Z,low,defensive,False,False,3,3 turns; risk_category=self_harm_language
C014,S-000256,2026-08-02T17:15:00Z,low,defensive,False,False,2,2 turns; risk_category=cyberbullying
C014,S-000257,2026-07-26T17:24:00Z,low,calm,False,False,2,2 turns; risk_category=self_harm_imagery
C014,S-000258,2026-08-29T16:48:00Z,high,defensive,False,True,2,2 turns; risk_category=unknown_flagged
C014,S-000259,2026-07-22T15:25:00Z,low,defensive,False,False,2,2 turns; risk_category=hate_speech
C014,S-000260,2026-07-26T17:31:00Z,low,defensive,False,False,2,2 turns; risk_category=unknown_flagged
C014,S-000261,2026-08-02T18:08:00Z,low,distressed,False,False,2,2 turns; risk_category=self_harm_language
C014,S-000262,2026-08-13T17:35:00Z,moderate,defensive,False,False,2,2 turns; risk_category=self_harm_language
C014,S-000263,2026-08-24T21:39:00Z,moderate,defensive,False,False,2,2 turns; risk_category=violence
C014,S-000264,2026-09-05T21:21:00Z,low,defensive,False,False,2,2 turns; risk_category=grooming_language
C014,S-000265,2026-09-23T18:32:00Z,low,defensive,False,False,2,2 turns; risk_category=explicit_visual
C014,S-000266,2026-09-18T19:29:00Z,low,defensive,False,False,2,2 turns; risk_category=self_harm_imagery
C014,S-000267,2026-08-09T18:39:00Z,moderate,calm,False,False,2,2 turns; risk_category=grooming_language
C014,S-000268,2026-09-20T20:36:00Z,moderate,defensive,False,False,2,2 turns; risk_category=explicit_visual
C015,S-000269,2026-07-23T19:30:00Z,moderate,distressed,False,False,2,2 turns; risk_category=hate_speech
C015,S-000270,2026-08-10T19:40:00Z,moderate,distressed,False,False,2,2 turns; risk_category=self_harm_language
C015,S-000271,2026-07-24T19:44:00Z,moderate,distressed,False,False,2,2 turns; risk_category=explicit_visual
C015,S-000272,2026-09-10T20:13:00Z,moderate,distressed,False,False,2,2 turns; risk_category=unknown_flagged
C015,S-000273,2026-07-27T20:08:00Z,moderate,distressed,False,False,2,2 turns; risk_category=grooming_language
C015,S-000274,2026-09-06T17:11:00Z,moderate,distressed,False,False,2,2 turns; risk_category=grooming_language
C015,S-000275,2026-08-22T19:30:00Z,moderate,distressed,False,False,2,2 turns; risk_category=hate_speech
C015,S-000276,2026-08-27T21:18:00Z,low,distressed,False,False,2,2 turns; risk_category=unknown_flagged
C015,S-000277,2026-08-24T17:07:00Z,low,distressed,False,False,2,2 turns; risk_category=self_harm_language
C015,S-000278,2026-09-02T21:51:00Z,low,distressed,False,False,2,2 turns; risk_category=explicit_visual
C015,S-000279,2026-09-02T18:41:00Z,moderate,distressed,False,False,2,2 turns; risk_category=unknown_flagged
C015,S-000280,2026-08-23T19:44:00Z,high,distressed,False,True,2,2 turns; risk_category=violence
C015,S-000281,2026-08-20T15:42:00Z,moderate,calm,True,False,2,2 turns; risk_category=hate_speech
C015,S-000282,2026-09-18T15:43:00Z,moderate,calm,False,False,2,2 turns; risk_category=self_harm_imagery
C015,S-000283,2026-09-18T18:41:00Z,high,distressed,False,True,2,2 turns; risk_category=cyberbullying
C015,S-000284,2026-07-31T20:36:00Z,moderate,distressed,False,False,2,2 turns; risk_category=explicit_visual
C015,S-000285,2026-08-11T15:53:00Z,low,distressed,False,False,2,2 turns; risk_category=unknown_flagged
C015,S-000286,2026-08-26T15:00:00Z,moderate,distressed,False,False,2,2 turns; risk_category=violence
C016,S-000287,2026-09-27T19:31:00Z,high,calm,False,True,2,2 turns; risk_category=unknown_flagged
C016,S-000288,2026-08-31T16:46:00Z,high,calm,False,True,2,2 turns; risk_category=cyberbullying
C016,S-000289,2026-09-01T21:18:00Z,low,calm,False,False,2,2 turns; risk_category=hate_speech
C016,S-000290,2026-09-09T21:27:00Z,high,calm,False,True,2,2 turns; risk_category=violence
C016,S-000291,2026-08-06T18:20:00Z,low,distressed,False,False,2,2 turns; risk_category=self_harm_language
C016,S-000292,2026-08-31T17:37:00Z,moderate,calm,False,False,2,2 turns; risk_category=grooming_language
C016,S-000293,2026-08-04T18:19:00Z,low,calm,False,False,2,2 turns; risk_category=cyberbullying
C016,S-000294,2026-08-26T17:39:00Z,moderate,distressed,False,False,2,2 turns; risk_category=self_harm_imagery
C016,S-000295,2026-09-05T18:44:00Z,moderate,calm,False,False,2,2 turns; risk_category=unknown_flagged
C016,S-000296,2026-08-16T21:15:00Z,high,calm,True,True,2,2 turns; risk_category=violence
C016,S-000297,2026-09-04T15:58:00Z,moderate,calm,False,False,2,2 turns; risk_category=explicit_visual
C016,S-000298,2026-08-14T19:34:00Z,high,calm,False,True,2,2 turns; risk_category=grooming_language
C016,S-000299,2026-08-15T20:37:00Z,moderate,defensive,False,False,2,2 turns; risk_category=unknown_flagged
C016,S-000300,2026-09-23T18:29:00Z,moderate,calm,True,False,2,2 turns; risk_category=unknown_flagged
C016,S-000301,2026-07-22T18:16:00Z,low,distressed,False,False,2,2 turns; risk_category=violence
C016,S-000302,2026-07-28T19:03:00Z,low,calm,False,False,2,2 turns; risk_category=unknown_flagged
C016,S-000303,2026-08-06T21:41:00Z,moderate,defensive,False,False,2,2 turns; risk_category=self_harm_language
C016,S-000304,2026-09-15T21:58:00Z,high,defensive,False,True,3,3 turns; risk_category=self_harm_imagery
C016,S-000305,2026-08-11T19:25:00Z,low,calm,False,False,2,2 turns; risk_category=hate_speech
C017,S-000306,2026-09-27T18:34:00Z,moderate,distressed,False,False,2,2 turns; risk_category=hate_speech
C017,S-000307,2026-08-24T16:59:00Z,low,distressed,False,False,2,2 turns; risk_category=explicit_visual
C017,S-000308,2026-07-22T16:13:00Z,moderate,distressed,False,False,2,2 turns; risk_category=explicit_visual
C017,S-000309,2026-07-26T16:47:00Z,moderate,distressed,False,False,2,2 turns; risk_category=unknown_flagged
C017,S-000310,2026-07-27T16:32:00Z,low,calm,False,False,2,2 turns; risk_category=grooming_language
C017,S-000311,2026-08-30T16:19:00Z,moderate,distressed,False,False,4,4 turns; risk_category=hate_speech
C017,S-000312,2026-08-11T20:43:00Z,low,distressed,False,False,2,2 turns; risk_category=unknown_flagged
C017,S-000313,2026-09-06T21:33:00Z,low,distressed,False,False,2,2 turns; risk_category=self_harm_language
C017,S-000314,2026-08-12T21:34:00Z,low,distressed,False,False,3,3 turns; risk_category=hate_speech
C017,S-000315,2026-09-17T15:35:00Z,moderate,distressed,False,False,2,2 turns; risk_category=self_harm_language
C017,S-000316,2026-08-20T17:13:00Z,low,distressed,False,False,2,2 turns; risk_category=violence
C017,S-000317,2026-07-31T19:46:00Z,high,calm,False,True,2,2 turns; risk_category=self_harm_language
C017,S-000318,2026-07-29T16:51:00Z,moderate,distressed,False,False,2,2 turns; risk_category=hate_speech
C017,S-000319,2026-08-31T17:58:00Z,high,distressed,False,True,2,2 turns; risk_category=hate_speech
C017,S-000320,2026-09-19T16:44:00Z,low,distressed,False,False,2,2 turns; risk_category=hate_speech
C017,S-000321,2026-08-30T21:18:00Z,low,distressed,False,False,2,2 turns; risk_category=grooming_language
C018,S-000322,2026-09-18T21:53:00Z,moderate,defensive,False,False,2,2 turns; risk_category=hate_speech
C018,S-000323,2026-08-17T20:09:00Z,moderate,defensive,False,False,2,2 turns; risk_category=self_harm_language
C018,S-000324,2026-08-18T18:36:00Z,low,defensive,False,False,2,2 turns; risk_category=grooming_language
C018,S-000325,2026-09-20T18:10:00Z,high,defensive,False,True,2,2 turns; risk_category=self_harm_imagery
C018,S-000326,2026-09-27T20:03:00Z,moderate,defensive,False,False,3,3 turns; risk_category=violence
C018,S-000327,2026-07-20T18:08:00Z,moderate,unclear,False,False,2,2 turns; risk_category=self_harm_imagery
C018,S-000328,2026-09-05T15:39:00Z,moderate,defensive,False,False,2,2 turns; risk_category=unknown_flagged
C018,S-000329,2026-09-26T19:26:00Z,low,defensive,False,False,2,2 turns; risk_category=cyberbullying
C018,S-000330,2026-09-22T21:44:00Z,low,unclear,False,False,4,4 turns; risk_category=self_harm_imagery
C018,S-000331,2026-08-08T16:12:00Z,low,defensive,False,False,2,2 turns; risk_category=cyberbullying
C018,S-000332,2026-09-08T15:23:00Z,low,defensive,False,False,2,2 turns; risk_category=hate_speech
C018,S-000333,2026-07-30T20:54:00Z,low,defensive,False,False,3,3 turns; risk_category=explicit_visual
C018,S-000334,2026-09-18T15:40:00Z,low,calm,False,False,2,2 turns; risk_category=self_harm_imagery
C018,S-000335,2026-08-31T19:54:00Z,high,unclear,False,True,3,3 turns; risk_category=explicit_visual
C018,S-000336,2026-09-18T17:02:00Z,high,distressed,False,True,2,2 turns; risk_category=cyberbullying
C018,S-000337,2026-07-24T16:59:00Z,moderate,calm,False,False,2,2 turns; risk_category=hate_speech
C018,S-000338,2026-09-08T15:19:00Z,moderate,defensive,False,False,2,2 turns; risk_category=hate_speech
C018,S-000339,2026-09-27T17:24:00Z,high,calm,False,True,2,2 turns; risk_category=violence
C018,S-000340,2026-07-26T15:27:00Z,high,defensive,False,True,2,2 turns; risk_category=violence
C019,S-000341,2026-08-30T15:40:00Z,low,distressed,False,False,2,2 turns; risk_category=unknown_flagged
C019,S-000342,2026-09-06T18:11:00Z,low,distressed,False,False,2,2 turns; risk_category=self_harm_language
C019,S-000343,2026-08-20T20:04:00Z,moderate,distressed,False,False,2,2 turns; risk_category=self_harm_imagery
C019,S-000344,2026-08-08T20:24:00Z,moderate,distressed,False,False,2,2 turns; risk_category=violence
C019,S-000345,2026-09-14T17:48:00Z,high,distressed,False,True,2,2 turns; risk_category=self_harm_imagery
C019,S-000346,2026-09-23T18:06:00Z,moderate,distressed,False,False,2,2 turns; risk_category=grooming_language
C019,S-000347,2026-08-30T21:24:00Z,moderate,distressed,False,False,2,2 turns; risk_category=self_harm_language
C019,S-000348,2026-08-20T19:33:00Z,low,distressed,False,False,2,2 turns; risk_category=self_harm_language
C019,S-000349,2026-08-23T18:09:00Z,low,distressed,False,False,2,2 turns; risk_category=self_harm_language
C019,S-000350,2026-07-29T17:16:00Z,low,distressed,False,False,2,2 turns; risk_category=unknown_flagged
C019,S-000351,2026-08-02T16:19:00Z,low,distressed,False,False,2,2 turns; risk_category=self_harm_language
C019,S-000352,2026-08-31T18:21:00Z,moderate,distressed,False,False,2,2 turns; risk_category=self_harm_imagery
C019,S-000353,2026-08-14T18:20:00Z,moderate,distressed,False,False,2,2 turns; risk_category=self_harm_language
C019,S-000354,2026-09-20T19:50:00Z,low,distressed,False,False,2,2 turns; risk_category=self_harm_language
C019,S-000355,2026-09-04T15:59:00Z,moderate,distressed,False,False,2,2 turns; risk_category=self_harm_imagery
C019,S-000356,2026-09-17T20:13:00Z,moderate,distressed,False,False,2,2 turns; risk_category=cyberbullying
C019,S-000357,2026-09-10T20:31:00Z,low,distressed,False,False,2,2 turns; risk_category=cyberbullying
C019,S-000358,2026-09-12T21:24:00Z,moderate,distressed,False,False,2,2 turns; risk_category=unknown_flagged
C019,S-000359,2026-09-11T19:02:00Z,moderate,defensive,False,False,2,2 turns; risk_category=violence
C019,S-000360,2026-09-03T16:41:00Z,low,distressed,False,False,2,2 turns; risk_category=self_harm_language
C019,S-000361,2026-09-13T15:00:00Z,low,distressed,False,False,2,2 turns; risk_category=hate_speech
C020,S-000362,2026-08-17T18:23:00Z,moderate,unclear,False,False,3,3 turns; risk_category=self_harm_imagery
C020,S-000363,2026-08-02T17:26:00Z,low,calm,False,False,2,2 turns; risk_category=self_harm_imagery
C020,S-000364,2026-08-15T19:30:00Z,low,defensive,False,False,2,2 turns; risk_category=violence
C020,S-000365,2026-08-29T15:19:00Z,moderate,calm,False,False,2,2 turns; risk_category=violence
C020,S-000366,2026-08-02T20:51:00Z,low,defensive,False,False,2,2 turns; risk_category=hate_speech
C020,S-000367,2026-08-31T19:27:00Z,moderate,calm,False,False,2,2 turns; risk_category=self_harm_language
C020,S-000368,2026-09-13T18:01:00Z,low,unclear,False,False,3,3 turns; risk_category=unknown_flagged
C020,S-000369,2026-08-16T16:17:00Z,low,distressed,False,False,2,2 turns; risk_category=violence
C020,S-000370,2026-09-26T16:23:00Z,moderate,defensive,False,False,3,3 turns; risk_category=unknown_flagged
C020,S-000371,2026-09-20T19:40:00Z,moderate,defensive,False,False,2,2 turns; risk_category=self_harm_language
C020,S-000372,2026-09-02T17:54:00Z,moderate,defensive,False,False,3,3 turns; risk_category=self_harm_imagery
C020,S-000373,2026-08-27T19:37:00Z,moderate,defensive,False,False,2,2 turns; risk_category=self_harm_imagery
C020,S-000374,2026-08-03T16:23:00Z,low,defensive,False,False,3,3 turns; risk_category=self_harm_language
C020,S-000375,2026-09-07T18:11:00Z,low,defensive,False,False,2,2 turns; risk_category=self_harm_imagery
C020,S-000376,2026-08-06T16:20:00Z,moderate,defensive,False,False,2,2 turns; risk_category=grooming_language
C020,S-000377,2026-08-13T21:24:00Z,moderate,defensive,False,False,2,2 turns; risk_category=unknown_flagged
C020,S-000378,2026-09-14T18:10:00Z,moderate,calm,False,False,2,2 turns; risk_category=explicit_visual
C020,S-000379,2026-07-24T17:14:00Z,low,distressed,False,False,2,2 turns; risk_category=self_harm_imagery
C020,S-000380,2026-09-21T19:32:00Z,moderate,defensive,False,False,2,2 turns; risk_category=violence
C020,S-000381,2026-09-04T19:52:00Z,moderate,distressed,False,False,2,2 turns; risk_category=unknown_flagged
C020,S-000382,2026-08-02T20:53:00Z,high,defensive,False,True,2,2 turns; risk_category=hate_speech
C021,S-000383,2026-07-31T18:55:00Z,low,distressed,False,False,2,2 turns; risk_category=hate_speech
C021,S-000384,2026-09-02T21:45:00Z,moderate,distressed,False,False,4,4 turns; risk_category=self_harm_language
C021,S-000385,2026-08-15T21:13:00Z,low,defensive,False,False,4,4 turns; risk_category=cyberbullying
C021,S-000386,2026-08-26T17:36:00Z,low,unclear,False,False,4,4 turns; risk_category=violence
C021,S-000387,2026-09-10T15:17:00Z,moderate,calm,True,False,2,2 turns; risk_category=self_harm_imagery
C021,S-000388,2026-08-20T21:53:00Z,moderate,unclear,False,False,2,2 turns; risk_category=unknown_flagged
C021,S-000389,2026-09-11T18:28:00Z,moderate,unclear,False,False,4,4 turns; risk_category=violence
C021,S-000390,2026-09-05T18:31:00Z,moderate,unclear,False,False,4,4 turns; risk_category=explicit_visual
C021,S-000391,2026-07-31T20:29:00Z,high,unclear,False,True,2,2 turns; risk_category=grooming_language
C021,S-000392,2026-09-08T16:27:00Z,moderate,defensive,False,False,2,2 turns; risk_category=grooming_language
C021,S-000393,2026-08-05T19:54:00Z,low,distressed,False,False,3,3 turns; risk_category=grooming_language
C021,S-000394,2026-07-25T15:40:00Z,moderate,defensive,False,False,3,3 turns; risk_category=violence
C021,S-000395,2026-09-16T15:27:00Z,low,distressed,False,False,4,4 turns; risk_category=self_harm_imagery
C021,S-000396,2026-08-24T15:41:00Z,low,distressed,False,False,2,2 turns; risk_category=violence
C021,S-000397,2026-08-10T15:25:00Z,high,unclear,False,True,4,4 turns; risk_category=hate_speech
C021,S-000398,2026-08-01T15:13:00Z,low,distressed,False,False,4,4 turns; risk_category=self_harm_imagery
C021,S-000399,2026-09-14T15:00:00Z,moderate,unclear,False,False,4,4 turns; risk_category=violence
C021,S-000400,2026-08-05T18:04:00Z,moderate,unclear,False,False,3,3 turns; risk_category=violence
C021,S-000401,2026-08-29T17:56:00Z,low,distressed,False,False,2,2 turns; risk_category=self_harm_language
C022,S-000402,2026-08-07T15:33:00Z,moderate,distressed,False,False,2,2 turns; risk_category=self_harm_imagery
C022,S-000403,2026-08-08T18:39:00Z,moderate,distressed,False,False,3,3 turns; risk_category=hate_speech
C022,S-000404,2026-08-04T19:46:00Z,low,distressed,False,False,2,2 turns; risk_category=self_harm_language
C022,S-000405,2026-08-24T20:05:00Z,low,distressed,False,False,2,2 turns; risk_category=cyberbullying
C022,S-000406,2026-08-27T16:33:00Z,moderate,distressed,False,False,2,2 turns; risk_category=hate_speech
C022,S-000407,2026-07-26T21:57:00Z,low,calm,False,False,2,2 turns; risk_category=self_harm_language
C022,S-000408,2026-07-29T19:56:00Z,moderate,unclear,False,False,2,2 turns; risk_category=grooming_language
C022,S-000409,2026-09-11T17:34:00Z,high,distressed,False,True,2,2 turns; risk_category=unknown_flagged
C022,S-000410,2026-07-22T19:04:00Z,moderate,distressed,False,False,3,3 turns; risk_category=hate_speech
C022,S-000411,2026-09-08T19:18:00Z,low,distressed,False,False,2,2 turns; risk_category=self_harm_language
C022,S-000412,2026-09-26T19:39:00Z,moderate,distressed,False,False,2,2 turns; risk_category=violence
C022,S-000413,2026-08-15T21:09:00Z,moderate,distressed,False,False,2,2 turns; risk_category=self_harm_language
C022,S-000414,2026-07-28T17:44:00Z,moderate,distressed,False,False,2,2 turns; risk_category=hate_speech
C022,S-000415,2026-09-13T15:29:00Z,low,distressed,False,False,2,2 turns; risk_category=explicit_visual
C023,S-000416,2026-07-21T20:08:00Z,low,calm,False,False,2,2 turns; risk_category=grooming_language
C023,S-000417,2026-08-22T16:23:00Z,moderate,distressed,False,False,2,2 turns; risk_category=cyberbullying
C023,S-000418,2026-07-23T17:51:00Z,low,distressed,False,False,2,2 turns; risk_category=violence
C023,S-000419,2026-07-29T18:29:00Z,high,distressed,False,True,2,2 turns; risk_category=explicit_visual
C023,S-000420,2026-09-05T16:16:00Z,moderate,unclear,False,False,4,4 turns; risk_category=violence
C023,S-000421,2026-07-25T21:55:00Z,moderate,distressed,False,False,2,2 turns; risk_category=explicit_visual
C023,S-000422,2026-08-08T16:59:00Z,low,calm,False,False,2,2 turns; risk_category=self_harm_language
C023,S-000423,2026-08-29T17:52:00Z,low,distressed,False,False,2,2 turns; risk_category=grooming_language
C023,S-000424,2026-07-26T16:14:00Z,moderate,unclear,False,False,4,4 turns; risk_category=self_harm_language
C023,S-000425,2026-08-25T21:54:00Z,moderate,distressed,False,False,2,2 turns; risk_category=violence
C023,S-000426,2026-08-14T17:36:00Z,low,distressed,False,False,2,2 turns; risk_category=hate_speech
C023,S-000427,2026-09-21T21:49:00Z,moderate,distressed,False,False,2,2 turns; risk_category=hate_speech
C023,S-000428,2026-07-23T16:34:00Z,high,distressed,False,True,2,2 turns; risk_category=explicit_visual
C023,S-000429,2026-09-06T21:47:00Z,low,calm,False,False,2,2 turns; risk_category=hate_speech
C023,S-000430,2026-08-07T20:17:00Z,high,distressed,False,True,2,2 turns; risk_category=hate_speech
C023,S-000431,2026-09-05T18:47:00Z,moderate,distressed,False,False,2,2 turns; risk_category=violence
C023,S-000432,2026-09-08T15:37:00Z,moderate,distressed,False,False,2,2 turns; risk_category=self_harm_language
C023,S-000433,2026-08-26T17:54:00Z,low,distressed,False,False,2,2 turns; risk_category=self_harm_language
C023,S-000434,2026-08-29T18:17:00Z,moderate,distressed,False,False,2,2 turns; risk_category=hate_speech
C023,S-000435,2026-08-02T16:06:00Z,moderate,distressed,False,False,2,2 turns; risk_category=unknown_flagged
C023,S-000436,2026-09-03T21:13:00Z,low,distressed,False,False,2,2 turns; risk_category=unknown_flagged
C023,S-000437,2026-08-09T21:43:00Z,low,distressed,False,False,2,2 turns; risk_category=explicit_visual
C023,S-000438,2026-08-07T15:45:00Z,high,unclear,False,True,2,2 turns; risk_category=grooming_language
C024,S-000439,2026-08-11T15:25:00Z,low,defensive,False,False,3,3 turns; risk_category=hate_speech
C024,S-000440,2026-08-06T15:00:00Z,low,calm,False,False,2,2 turns; risk_category=hate_speech
C024,S-000441,2026-09-05T20:40:00Z,high,distressed,False,True,2,2 turns; risk_category=cyberbullying
C024,S-000442,2026-07-28T16:57:00Z,low,calm,False,False,2,2 turns; risk_category=self_harm_imagery
C024,S-000443,2026-08-31T15:02:00Z,high,calm,True,True,2,2 turns; risk_category=self_harm_language
C024,S-000444,2026-07-23T18:43:00Z,low,unclear,False,False,2,2 turns; risk_category=grooming_language
C024,S-000445,2026-08-24T18:56:00Z,low,calm,True,False,2,2 turns; risk_category=hate_speech
C024,S-000446,2026-09-19T15:05:00Z,moderate,calm,False,False,2,2 turns; risk_category=self_harm_imagery
C024,S-000447,2026-09-25T16:40:00Z,moderate,defensive,False,False,2,2 turns; risk_category=explicit_visual
C024,S-000448,2026-09-03T18:34:00Z,moderate,calm,True,False,2,2 turns; risk_category=grooming_language
C024,S-000449,2026-08-29T19:14:00Z,low,calm,True,False,2,2 turns; risk_category=cyberbullying
C024,S-000450,2026-09-25T17:49:00Z,high,calm,False,True,2,2 turns; risk_category=hate_speech
C024,S-000451,2026-08-19T17:34:00Z,low,unclear,False,False,2,2 turns; risk_category=explicit_visual
C024,S-000452,2026-09-07T17:59:00Z,high,distressed,False,True,2,2 turns; risk_category=self_harm_imagery
C024,S-000453,2026-09-03T19:01:00Z,low,unclear,False,False,2,2 turns; risk_category=self_harm_imagery
C024,S-000454,2026-09-21T19:19:00Z,low,calm,False,False,2,2 turns; risk_category=explicit_visual
C025,S-000455,2026-09-19T15:21:00Z,low,distressed,False,False,2,2 turns; risk_category=self_harm_imagery
C025,S-000456,2026-08-30T15:01:00Z,low,unclear,False,False,2,2 turns; risk_category=self_harm_imagery
C025,S-000457,2026-09-04T15:23:00Z,high,distressed,False,True,2,2 turns; risk_category=violence
C025,S-000458,2026-08-09T20:27:00Z,low,unclear,False,False,2,2 turns; risk_category=grooming_language
C025,S-000459,2026-09-03T16:42:00Z,high,calm,False,True,2,2 turns; risk_category=self_harm_imagery
C025,S-000460,2026-08-26T16:11:00Z,moderate,distressed,False,False,4,4 turns; risk_category=self_harm_language
C025,S-000461,2026-07-24T16:38:00Z,moderate,calm,False,False,2,2 turns; risk_category=hate_speech
C025,S-000462,2026-09-21T16:21:00Z,low,calm,False,False,2,2 turns; risk_category=grooming_language
C025,S-000463,2026-07-31T21:45:00Z,high,calm,False,True,2,2 turns; risk_category=grooming_language
C025,S-000464,2026-08-20T20:04:00Z,low,calm,True,False,2,2 turns; risk_category=violence
C025,S-000465,2026-09-14T20:26:00Z,low,unclear,False,False,4,4 turns; risk_category=unknown_flagged
C025,S-000466,2026-09-06T15:53:00Z,low,calm,False,False,2,2 turns; risk_category=hate_speech
C025,S-000467,2026-07-24T17:01:00Z,low,distressed,False,False,2,2 turns; risk_category=violence
C025,S-000468,2026-09-06T16:46:00Z,low,calm,True,False,2,2 turns; risk_category=violence
C025,S-000469,2026-09-19T20:01:00Z,high,calm,False,True,2,2 turns; risk_category=self_harm_imagery
C026,S-000470,2026-08-15T16:26:00Z,low,defensive,False,False,2,2 turns; risk_category=cyberbullying
C026,S-000471,2026-08-01T15:25:00Z,low,defensive,False,False,2,2 turns; risk_category=unknown_flagged
C026,S-000472,2026-09-12T15:18:00Z,low,defensive,False,False,2,2 turns; risk_category=unknown_flagged
C026,S-000473,2026-08-10T20:18:00Z,low,defensive,False,False,2,2 turns; risk_category=violence
C026,S-000474,2026-09-20T20:16:00Z,low,calm,False,False,2,2 turns; risk_category=self_harm_language
C026,S-000475,2026-09-05T16:28:00Z,high,defensive,False,True,2,2 turns; risk_category=unknown_flagged
C026,S-000476,2026-08-23T19:03:00Z,low,defensive,False,False,2,2 turns; risk_category=violence
C026,S-000477,2026-09-27T18:48:00Z,low,calm,False,False,2,2 turns; risk_category=explicit_visual
C026,S-000478,2026-09-11T19:43:00Z,high,defensive,False,True,2,2 turns; risk_category=hate_speech
C026,S-000479,2026-07-24T19:36:00Z,low,distressed,False,False,2,2 turns; risk_category=self_harm_imagery
C026,S-000480,2026-08-11T16:13:00Z,moderate,distressed,False,False,2,2 turns; risk_category=self_harm_language
C026,S-000481,2026-08-14T21:40:00Z,moderate,defensive,False,False,2,2 turns; risk_category=cyberbullying
C027,S-000482,2026-09-07T19:25:00Z,low,distressed,False,False,2,2 turns; risk_category=cyberbullying
C027,S-000483,2026-07-21T21:44:00Z,high,distressed,False,True,2,2 turns; risk_category=self_harm_language
C027,S-000484,2026-08-01T15:36:00Z,low,distressed,False,False,2,2 turns; risk_category=grooming_language
C027,S-000485,2026-09-20T19:38:00Z,low,distressed,False,False,2,2 turns; risk_category=self_harm_imagery
C027,S-000486,2026-09-09T15:25:00Z,low,calm,False,False,2,2 turns; risk_category=hate_speech
C027,S-000487,2026-08-23T17:01:00Z,moderate,distressed,False,False,2,2 turns; risk_category=cyberbullying
C027,S-000488,2026-08-01T21:14:00Z,high,distressed,False,True,2,2 turns; risk_category=unknown_flagged
C027,S-000489,2026-09-11T19:41:00Z,low,distressed,False,False,2,2 turns; risk_category=unknown_flagged
C027,S-000490,2026-09-20T21:33:00Z,high,distressed,False,True,3,3 turns; risk_category=self_harm_imagery
C027,S-000491,2026-09-09T16:49:00Z,moderate,unclear,False,False,4,4 turns; risk_category=explicit_visual
C027,S-000492,2026-08-14T21:03:00Z,high,distressed,False,True,2,2 turns; risk_category=unknown_flagged
C027,S-000493,2026-08-14T17:23:00Z,low,defensive,False,False,2,2 turns; risk_category=violence
C027,S-000494,2026-09-20T19:28:00Z,low,distressed,False,False,2,2 turns; risk_category=unknown_flagged
C027,S-000495,2026-08-09T21:57:00Z,low,distressed,False,False,2,2 turns; risk_category=violence
C027,S-000496,2026-08-09T21:36:00Z,low,calm,True,False,2,2 turns; risk_category=hate_speech
C027,S-000497,2026-08-23T20:26:00Z,moderate,distressed,False,False,2,2 turns; risk_category=explicit_visual
C027,S-000498,2026-08-11T19:51:00Z,low,distressed,False,False,2,2 turns; risk_category=cyberbullying
C027,S-000499,2026-08-24T18:57:00Z,high,distressed,False,True,2,2 turns; risk_category=grooming_language
C027,S-000500,2026-08-27T20:33:00Z,low,defensive,False,False,2,2 turns; risk_category=violence
C027,S-000501,2026-09-05T19:41:00Z,high,distressed,False,True,2,2 turns; risk_category=cyberbullying
C027,S-000502,2026-07-28T17:17:00Z,low,distressed,False,False,2,2 turns; risk_category=cyberbullying
C027,S-000503,2026-08-27T16:09:00Z,moderate,distressed,False,False,2,2 turns; risk_category=hate_speech
C027,S-000504,2026-09-09T20:20:00Z,high,distressed,False,True,2,2 turns; risk_category=explicit_visual
C027,S-000505,2026-08-22T18:25:00Z,high,distressed,False,True,2,2 turns; risk_category=explicit_visual
C028,S-000506,2026-08-17T20:34:00Z,low,unclear,False,False,2,2 turns; risk_category=unknown_flagged
C028,S-000507,2026-09-22T17:54:00Z,moderate,distressed,False,False,4,4 turns; risk_category=self_harm_imagery
C028,S-000508,2026-08-22T20:51:00Z,moderate,distressed,False,False,4,4 turns; risk_category=self_harm_imagery
C028,S-000509,2026-07-31T16:22:00Z,high,unclear,False,True,3,3 turns; risk_category=cyberbullying
C028,S-000510,2026-09-05T17:37:00Z,high,unclear,False,True,3,3 turns; risk_category=violence
C028,S-000511,2026-07-29T18:56:00Z,high,unclear,False,True,4,4 turns; risk_category=violence
C028,S-000512,2026-08-27T18:03:00Z,low,calm,False,False,2,2 turns; risk_category=hate_speech
C028,S-000513,2026-09-16T16:20:00Z,high,calm,False,True,2,2 turns; risk_category=violence
C028,S-000514,2026-08-11T17:40:00Z,moderate,unclear,False,False,3,3 turns; risk_category=unknown_flagged
C028,S-000515,2026-08-10T19:48:00Z,moderate,distressed,False,False,4,4 turns; risk_category=violence
C028,S-000516,2026-09-12T18:27:00Z,moderate,defensive,False,False,4,4 turns; risk_category=explicit_visual
C028,S-000517,2026-07-21T17:48:00Z,moderate,calm,False,False,2,2 turns; risk_category=explicit_visual
C028,S-000518,2026-09-02T17:08:00Z,low,defensive,False,False,2,2 turns; risk_category=cyberbullying
C028,S-000519,2026-08-27T17:29:00Z,high,defensive,False,True,2,2 turns; risk_category=grooming_language
C028,S-000520,2026-08-06T17:57:00Z,moderate,distressed,False,False,4,4 turns; risk_category=hate_speech
C028,S-000521,2026-09-09T15:14:00Z,high,calm,False,True,4,4 turns; risk_category=self_harm_imagery
C028,S-000522,2026-09-22T16:07:00Z,low,unclear,False,False,2,2 turns; risk_category=explicit_visual
C028,S-000523,2026-09-26T19:03:00Z,moderate,unclear,False,False,4,4 turns; risk_category=explicit_visual
C028,S-000524,2026-07-22T15:44:00Z,moderate,unclear,False,False,3,3 turns; risk_category=unknown_flagged
C028,S-000525,2026-09-18T20:09:00Z,moderate,unclear,False,False,4,4 turns; risk_category=explicit_visual
C028,S-000526,2026-09-24T17:39:00Z,moderate,calm,False,False,2,2 turns; risk_category=self_harm_imagery
C028,S-000527,2026-09-23T20:39:00Z,high,unclear,False,True,4,4 turns; risk_category=violence
C028,S-000528,2026-08-14T21:16:00Z,moderate,unclear,False,False,2,2 turns; risk_category=grooming_language
C028,S-000529,2026-07-25T19:31:00Z,low,distressed,False,False,2,2 turns; risk_category=unknown_flagged
C028,S-000530,2026-07-31T15:53:00Z,low,unclear,False,False,4,4 turns; risk_category=unknown_flagged
C029,S-000531,2026-08-01T17:41:00Z,low,calm,False,False,2,2 turns; risk_category=cyberbullying
C029,S-000532,2026-08-11T21:02:00Z,low,defensive,False,False,2,2 turns; risk_category=grooming_language
C029,S-000533,2026-07-25T15:54:00Z,low,distressed,False,False,2,2 turns; risk_category=self_harm_imagery
C029,S-000534,2026-08-23T20:05:00Z,high,calm,False,True,2,2 turns; risk_category=grooming_language
C029,S-000535,2026-09-16T17:53:00Z,moderate,calm,False,False,2,2 turns; risk_category=unknown_flagged
C029,S-000536,2026-08-10T15:08:00Z,moderate,calm,False,False,2,2 turns; risk_category=explicit_visual
C029,S-000537,2026-08-02T18:58:00Z,high,calm,False,True,2,2 turns; risk_category=unknown_flagged
C029,S-000538,2026-09-03T19:01:00Z,low,distressed,False,False,3,3 turns; risk_category=self_harm_imagery
C029,S-000539,2026-09-10T18:02:00Z,moderate,calm,False,False,2,2 turns; risk_category=grooming_language
C029,S-000540,2026-09-25T21:47:00Z,high,calm,False,True,2,2 turns; risk_category=hate_speech
C029,S-000541,2026-09-01T19:33:00Z,moderate,calm,False,False,2,2 turns; risk_category=violence
C029,S-000542,2026-09-19T17:42:00Z,moderate,calm,True,False,2,2 turns; risk_category=self_harm_language
C029,S-000543,2026-07-26T15:41:00Z,high,defensive,False,True,2,2 turns; risk_category=unknown_flagged
C029,S-000544,2026-07-29T21:31:00Z,high,calm,False,True,2,2 turns; risk_category=grooming_language
C029,S-000545,2026-08-17T19:41:00Z,low,distressed,False,False,2,2 turns; risk_category=hate_speech
C029,S-000546,2026-09-15T15:54:00Z,moderate,calm,False,False,2,2 turns; risk_category=grooming_language
C029,S-000547,2026-07-22T15:25:00Z,moderate,calm,False,False,2,2 turns; risk_category=explicit_visual
C029,S-000548,2026-08-27T19:35:00Z,moderate,calm,False,False,2,2 turns; risk_category=unknown_flagged
C029,S-000549,2026-07-26T21:14:00Z,low,calm,False,False,2,2 turns; risk_category=unknown_flagged
C029,S-000550,2026-09-15T15:06:00Z,low,calm,False,False,2,2 turns; risk_category=grooming_language
C030,S-000551,2026-09-24T17:44:00Z,low,calm,False,False,2,2 turns; risk_category=self_harm_imagery
C030,S-000552,2026-09-10T15:16:00Z,high,defensive,False,True,2,2 turns; risk_category=hate_speech
C030,S-000553,2026-08-16T18:52:00Z,high,distressed,False,True,2,2 turns; risk_category=violence
C030,S-000554,2026-08-04T21:57:00Z,low,defensive,False,False,2,2 turns; risk_category=self_harm_imagery
C030,S-000555,2026-07-26T19:59:00Z,low,defensive,False,False,2,2 turns; risk_category=unknown_flagged
C030,S-000556,2026-08-11T20:37:00Z,moderate,calm,False,False,2,2 turns; risk_category=self_harm_imagery
C030,S-000557,2026-08-30T19:56:00Z,moderate,defensive,False,False,2,2 turns; risk_category=hate_speech
C030,S-000558,2026-08-26T18:51:00Z,high,unclear,False,True,2,2 turns; risk_category=self_harm_language
C030,S-000559,2026-09-23T17:53:00Z,high,unclear,False,True,3,3 turns; risk_category=hate_speech
C030,S-000560,2026-08-26T20:22:00Z,moderate,distressed,False,False,2,2 turns; risk_category=self_harm_imagery
C030,S-000561,2026-08-30T20:07:00Z,moderate,defensive,False,False,3,3 turns; risk_category=self_harm_language
C030,S-000562,2026-09-26T17:56:00Z,high,distressed,False,True,2,2 turns; risk_category=violence
C030,S-000563,2026-07-27T16:17:00Z,low,calm,False,False,2,2 turns; risk_category=cyberbullying
C030,S-000564,2026-07-27T20:50:00Z,low,defensive,False,False,2,2 turns; risk_category=explicit_visual
C030,S-000565,2026-08-17T20:41:00Z,moderate,calm,False,False,2,2 turns; risk_category=hate_speech
C030,S-000566,2026-08-25T20:42:00Z,moderate,defensive,False,False,2,2 turns; risk_category=self_harm_language
C030,S-000567,2026-08-29T19:03:00Z,high,defensive,False,True,2,2 turns; risk_category=cyberbullying
C030,S-000568,2026-09-14T21:14:00Z,high,distressed,False,True,2,2 turns; risk_category=grooming_language
C030,S-000569,2026-08-14T21:46:00Z,moderate,calm,False,False,2,2 turns; risk_category=self_harm_imagery
C030,S-000570,2026-08-11T20:32:00Z,low,defensive,False,False,2,2 turns; risk_category=explicit_visual
C030,S-000571,2026-08-05T16:37:00Z,moderate,calm,False,False,2,2 turns; risk_category=unknown_flagged
C030,S-000572,2026-08-08T17:38:00Z,low,defensive,False,False,2,2 turns; risk_category=cyberbullying
C030,S-000573,2026-09-03T15:50:00Z,moderate,defensive,False,False,2,2 turns; risk_category=self_harm_imagery
C030,S-000574,2026-08-09T18:34:00Z,moderate,calm,False,False,2,2 turns; risk_category=violence
C031,S-000575,2026-09-04T17:13:00Z,low,defensive,False,False,2,2 turns; risk_category=unknown_flagged
C031,S-000576,2026-07-21T15:42:00Z,high,unclear,False,True,3,3 turns; risk_category=hate_speech
C031,S-000577,2026-08-20T15:43:00Z,moderate,defensive,False,False,2,2 turns; risk_category=violence
C031,S-000578,2026-08-25T15:58:00Z,moderate,defensive,False,False,3,3 turns; risk_category=grooming_language
C031,S-000579,2026-09-20T15:18:00Z,moderate,calm,True,False,2,2 turns; risk_category=violence
C031,S-000580,2026-09-26T19:00:00Z,low,unclear,False,False,4,4 turns; risk_category=hate_speech
C031,S-000581,2026-09-12T21:06:00Z,moderate,calm,False,False,2,2 turns; risk_category=self_harm_language
C031,S-000582,2026-08-08T15:29:00Z,high,distressed,False,True,2,2 turns; risk_category=violence
C031,S-000583,2026-07-29T19:52:00Z,moderate,unclear,False,False,4,4 turns; risk_category=cyberbullying
C031,S-000584,2026-09-09T18:20:00Z,moderate,unclear,False,False,3,3 turns; risk_category=violence
C031,S-000585,2026-07-28T21:47:00Z,moderate,unclear,False,False,4,4 turns; risk_category=violence
C031,S-000586,2026-08-26T21:43:00Z,moderate,distressed,False,False,3,3 turns; risk_category=violence
C031,S-000587,2026-09-06T18:52:00Z,high,unclear,False,True,4,4 turns; risk_category=unknown_flagged
C031,S-000588,2026-09-08T21:51:00Z,low,calm,False,False,2,2 turns; risk_category=self_harm_imagery
C031,S-000589,2026-09-05T15:35:00Z,high,calm,False,True,2,2 turns; risk_category=explicit_visual
C031,S-000590,2026-09-26T19:05:00Z,moderate,unclear,False,False,2,2 turns; risk_category=grooming_language
C031,S-000591,2026-09-23T16:10:00Z,high,unclear,False,True,4,4 turns; risk_category=cyberbullying
C031,S-000592,2026-07-26T21:48:00Z,low,unclear,False,False,4,4 turns; risk_category=unknown_flagged
C031,S-000593,2026-07-28T17:06:00Z,low,distressed,False,False,2,2 turns; risk_category=unknown_flagged
C031,S-000594,2026-08-19T15:18:00Z,low,distressed,False,False,3,3 turns; risk_category=hate_speech
C031,S-000595,2026-08-28T20:37:00Z,moderate,unclear,False,False,4,4 turns; risk_category=grooming_language
C031,S-000596,2026-08-10T15:20:00Z,high,unclear,False,True,4,4 turns; risk_category=hate_speech
C032,S-000597,2026-08-06T20:46:00Z,high,defensive,False,True,3,3 turns; risk_category=unknown_flagged
C032,S-000598,2026-08-28T18:35:00Z,low,defensive,False,False,2,2 turns; risk_category=violence
C032,S-000599,2026-08-06T19:12:00Z,high,defensive,False,True,2,2 turns; risk_category=violence
C032,S-000600,2026-09-22T20:01:00Z,high,defensive,False,True,2,2 turns; risk_category=hate_speech
C032,S-000601,2026-09-27T19:30:00Z,moderate,defensive,False,False,3,3 turns; risk_category=self_harm_imagery
C032,S-000602,2026-08-26T16:29:00Z,low,defensive,False,False,2,2 turns; risk_category=violence
C032,S-000603,2026-08-19T21:51:00Z,moderate,distressed,False,False,2,2 turns; risk_category=self_harm_imagery
C032,S-000604,2026-08-07T20:46:00Z,low,defensive,False,False,2,2 turns; risk_category=grooming_language
C032,S-000605,2026-08-18T15:16:00Z,moderate,calm,False,False,2,2 turns; risk_category=explicit_visual
C032,S-000606,2026-09-04T18:30:00Z,moderate,distressed,False,False,3,3 turns; risk_category=explicit_visual
C032,S-000607,2026-09-24T20:53:00Z,low,defensive,False,False,2,2 turns; risk_category=cyberbullying
C032,S-000608,2026-09-06T20:24:00Z,moderate,defensive,False,False,2,2 turns; risk_category=violence
C032,S-000609,2026-08-17T19:25:00Z,low,defensive,False,False,2,2 turns; risk_category=grooming_language
C032,S-000610,2026-07-20T19:56:00Z,moderate,unclear,False,False,3,3 turns; risk_category=self_harm_imagery
C032,S-000611,2026-08-24T16:09:00Z,moderate,defensive,False,False,2,2 turns; risk_category=grooming_language
C032,S-000612,2026-08-18T18:51:00Z,high,defensive,False,True,2,2 turns; risk_category=violence
C033,S-000613,2026-09-10T15:15:00Z,moderate,defensive,False,False,2,2 turns; risk_category=self_harm_imagery
C033,S-000614,2026-08-07T15:10:00Z,moderate,distressed,False,False,2,2 turns; risk_category=self_harm_imagery
C033,S-000615,2026-07-22T20:46:00Z,moderate,defensive,False,False,2,2 turns; risk_category=cyberbullying
C033,S-000616,2026-09-18T21:30:00Z,low,defensive,False,False,2,2 turns; risk_category=self_harm_language
C033,S-000617,2026-08-12T19:42:00Z,moderate,calm,False,False,2,2 turns; risk_category=self_harm_imagery
C033,S-000618,2026-09-16T19:37:00Z,low,defensive,False,False,4,4 turns; risk_category=self_harm_language
C033,S-000619,2026-08-14T19:55:00Z,low,distressed,False,False,2,2 turns; risk_category=self_harm_imagery
C033,S-000620,2026-07-24T21:34:00Z,low,defensive,False,False,2,2 turns; risk_category=violence
C033,S-000621,2026-09-27T21:00:00Z,moderate,distressed,False,False,2,2 turns; risk_category=self_harm_language
C033,S-000622,2026-07-25T20:33:00Z,low,defensive,False,False,2,2 turns; risk_category=unknown_flagged
C033,S-000623,2026-08-01T18:08:00Z,low,defensive,False,False,2,2 turns; risk_category=hate_speech
C033,S-000624,2026-09-27T18:16:00Z,low,unclear,False,False,2,2 turns; risk_category=explicit_visual
C033,S-000625,2026-07-20T18:41:00Z,low,defensive,False,False,3,3 turns; risk_category=grooming_language
C033,S-000626,2026-09-12T20:37:00Z,low,defensive,False,False,2,2 turns; risk_category=self_harm_language
C033,S-000627,2026-09-08T21:13:00Z,moderate,defensive,False,False,2,2 turns; risk_category=unknown_flagged
C034,S-000628,2026-08-28T19:22:00Z,low,defensive,False,False,2,2 turns; risk_category=self_harm_imagery
C034,S-000629,2026-08-18T18:50:00Z,moderate,defensive,False,False,2,2 turns; risk_category=self_harm_imagery
C034,S-000630,2026-09-01T21:35:00Z,moderate,defensive,False,False,3,3 turns; risk_category=explicit_visual
C034,S-000631,2026-07-20T21:05:00Z,high,defensive,False,True,2,2 turns; risk_category=self_harm_language
C034,S-000632,2026-09-05T15:38:00Z,low,defensive,False,False,2,2 turns; risk_category=self_harm_language
C034,S-000633,2026-09-24T17:45:00Z,moderate,calm,True,False,2,2 turns; risk_category=self_harm_imagery
C034,S-000634,2026-08-14T21:42:00Z,moderate,defensive,False,False,2,2 turns; risk_category=hate_speech
C034,S-000635,2026-09-24T20:14:00Z,moderate,defensive,False,False,2,2 turns; risk_category=explicit_visual
C034,S-000636,2026-08-09T15:17:00Z,moderate,defensive,False,False,2,2 turns; risk_category=self_harm_language
C034,S-000637,2026-07-21T20:45:00Z,low,defensive,False,False,2,2 turns; risk_category=violence
C034,S-000638,2026-09-02T17:52:00Z,moderate,defensive,False,False,2,2 turns; risk_category=hate_speech
C034,S-000639,2026-07-20T17:11:00Z,moderate,defensive,False,False,3,3 turns; risk_category=violence
C034,S-000640,2026-09-01T15:51:00Z,moderate,defensive,False,False,2,2 turns; risk_category=cyberbullying
C034,S-000641,2026-08-21T20:28:00Z,high,defensive,False,True,2,2 turns; risk_category=hate_speech
C034,S-000642,2026-09-16T20:29:00Z,high,unclear,False,True,2,2 turns; risk_category=unknown_flagged
C034,S-000643,2026-08-17T20:44:00Z,low,defensive,False,False,2,2 turns; risk_category=grooming_language
C034,S-000644,2026-09-26T15:44:00Z,low,calm,False,False,2,2 turns; risk_category=violence
C034,S-000645,2026-09-01T15:35:00Z,moderate,defensive,False,False,2,2 turns; risk_category=grooming_language
C034,S-000646,2026-08-12T20:43:00Z,moderate,calm,False,False,2,2 turns; risk_category=hate_speech
C035,S-000647,2026-08-14T21:15:00Z,low,defensive,False,False,2,2 turns; risk_category=violence
C035,S-000648,2026-09-21T19:00:00Z,low,defensive,False,False,2,2 turns; risk_category=explicit_visual
C035,S-000649,2026-08-29T18:57:00Z,low,unclear,False,False,4,4 turns; risk_category=cyberbullying
C035,S-000650,2026-09-23T17:25:00Z,high,calm,False,True,2,2 turns; risk_category=self_harm_imagery
C035,S-000651,2026-09-19T19:02:00Z,moderate,calm,False,False,2,2 turns; risk_category=self_harm_language
C035,S-000652,2026-09-16T15:44:00Z,moderate,distressed,False,False,2,2 turns; risk_category=grooming_language
C035,S-000653,2026-08-15T18:37:00Z,low,calm,False,False,2,2 turns; risk_category=grooming_language
C035,S-000654,2026-08-22T16:17:00Z,low,calm,False,False,2,2 turns; risk_category=grooming_language
C035,S-000655,2026-08-15T18:44:00Z,moderate,defensive,False,False,2,2 turns; risk_category=self_harm_language
C035,S-000656,2026-08-05T19:43:00Z,low,calm,True,False,2,2 turns; risk_category=violence
C035,S-000657,2026-09-13T21:24:00Z,high,calm,False,True,2,2 turns; risk_category=self_harm_imagery
C035,S-000658,2026-09-11T18:08:00Z,low,distressed,False,False,2,2 turns; risk_category=grooming_language
C035,S-000659,2026-07-26T18:06:00Z,low,defensive,False,False,2,2 turns; risk_category=explicit_visual
C035,S-000660,2026-08-01T18:47:00Z,low,calm,False,False,2,2 turns; risk_category=grooming_language
C035,S-000661,2026-08-21T17:01:00Z,moderate,calm,True,False,2,2 turns; risk_category=grooming_language
C035,S-000662,2026-08-14T19:36:00Z,high,calm,False,True,2,2 turns; risk_category=self_harm_imagery
C036,S-000663,2026-09-20T21:47:00Z,moderate,calm,True,False,2,2 turns; risk_category=violence
C036,S-000664,2026-08-07T21:10:00Z,low,calm,True,False,2,2 turns; risk_category=grooming_language
C036,S-000665,2026-09-09T21:58:00Z,moderate,calm,True,False,2,2 turns; risk_category=self_harm_imagery
C036,S-000666,2026-08-26T20:17:00Z,low,calm,True,False,2,2 turns; risk_category=self_harm_language
C036,S-000667,2026-09-04T20:37:00Z,moderate,calm,True,False,2,2 turns; risk_category=unknown_flagged
C036,S-000668,2026-07-22T16:46:00Z,low,distressed,False,False,2,2 turns; risk_category=cyberbullying
C036,S-000669,2026-07-30T16:10:00Z,moderate,calm,True,False,2,2 turns; risk_category=violence
C036,S-000670,2026-07-26T15:49:00Z,high,calm,False,True,2,2 turns; risk_category=violence
C036,S-000671,2026-07-30T20:59:00Z,moderate,calm,False,False,2,2 turns; risk_category=hate_speech
C036,S-000672,2026-08-05T16:33:00Z,moderate,calm,False,False,2,2 turns; risk_category=grooming_language
C036,S-000673,2026-09-18T18:55:00Z,low,calm,False,False,2,2 turns; risk_category=cyberbullying
C036,S-000674,2026-09-27T16:37:00Z,low,calm,False,False,2,2 turns; risk_category=self_harm_language
C036,S-000675,2026-08-28T17:30:00Z,moderate,calm,False,False,2,2 turns; risk_category=violence
C036,S-000676,2026-08-22T16:19:00Z,low,calm,False,False,2,2 turns; risk_category=self_harm_imagery
C036,S-000677,2026-07-21T20:59:00Z,moderate,distressed,False,False,2,2 turns; risk_category=unknown_flagged
C036,S-000678,2026-08-26T19:14:00Z,moderate,defensive,False,False,2,2 turns; risk_category=hate_speech
C036,S-000679,2026-09-08T16:10:00Z,moderate,defensive,False,False,3,3 turns; risk_category=self_harm_language
C037,S-000680,2026-08-23T17:41:00Z,low,distressed,False,False,2,2 turns; risk_category=self_harm_language
C037,S-000681,2026-08-06T17:07:00Z,low,calm,True,False,2,2 turns; risk_category=unknown_flagged
C037,S-000682,2026-08-13T17:01:00Z,moderate,calm,False,False,2,2 turns; risk_category=explicit_visual
C037,S-000683,2026-08-23T16:45:00Z,low,calm,True,False,2,2 turns; risk_category=explicit_visual
C037,S-000684,2026-09-21T16:21:00Z,low,calm,False,False,2,2 turns; risk_category=unknown_flagged
C037,S-000685,2026-07-24T17:05:00Z,moderate,unclear,False,False,4,4 turns; risk_category=explicit_visual
C037,S-000686,2026-09-27T18:11:00Z,low,calm,False,False,2,2 turns; risk_category=cyberbullying
C037,S-000687,2026-08-04T21:45:00Z,high,calm,True,True,2,2 turns; risk_category=unknown_flagged
C037,S-000688,2026-08-14T18:47:00Z,high,defensive,False,True,2,2 turns; risk_category=hate_speech
C037,S-000689,2026-08-28T17:10:00Z,moderate,calm,False,False,2,2 turns; risk_category=explicit_visual
C037,S-000690,2026-08-04T17:30:00Z,moderate,calm,False,False,2,2 turns; risk_category=hate_speech
C037,S-000691,2026-08-16T15:15:00Z,low,calm,False,False,2,2 turns; risk_category=grooming_language
C037,S-000692,2026-08-04T18:50:00Z,moderate,calm,False,False,2,2 turns; risk_category=explicit_visual
C037,S-000693,2026-08-08T17:49:00Z,moderate,calm,False,False,2,2 turns; risk_category=self_harm_imagery
C037,S-000694,2026-09-01T21:40:00Z,moderate,calm,True,False,2,2 turns; risk_category=grooming_language
C037,S-000695,2026-08-02T16:31:00Z,moderate,calm,False,False,2,2 turns; risk_category=grooming_language
C037,S-000696,2026-08-13T15:44:00Z,moderate,distressed,False,False,2,2 turns; risk_category=self_harm_imagery
C037,S-000697,2026-09-14T19:18:00Z,low,calm,False,False,2,2 turns; risk_category=unknown_flagged
C037,S-000698,2026-09-02T17:46:00Z,low,calm,True,False,2,2 turns; risk_category=self_harm_imagery
C037,S-000699,2026-08-26T21:16:00Z,low,calm,False,False,2,2 turns; risk_category=unknown_flagged
C037,S-000700,2026-09-06T20:11:00Z,moderate,defensive,False,False,4,4 turns; risk_category=grooming_language
C037,S-000701,2026-07-28T20:34:00Z,low,calm,False,False,2,2 turns; risk_category=unknown_flagged
C038,S-000702,2026-08-30T15:06:00Z,low,calm,True,False,2,2 turns; risk_category=violence
C038,S-000703,2026-08-11T21:02:00Z,high,calm,False,True,2,2 turns; risk_category=unknown_flagged
C038,S-000704,2026-09-07T20:31:00Z,low,calm,True,False,2,2 turns; risk_category=cyberbullying
C038,S-000705,2026-07-29T15:59:00Z,low,distressed,False,False,2,2 turns; risk_category=violence
C038,S-000706,2026-09-04T19:47:00Z,moderate,defensive,False,False,2,2 turns; risk_category=grooming_language
C038,S-000707,2026-08-23T19:02:00Z,low,distressed,False,False,2,2 turns; risk_category=violence
C038,S-000708,2026-08-01T15:46:00Z,high,calm,False,True,2,2 turns; risk_category=self_harm_language
C038,S-000709,2026-08-20T19:40:00Z,moderate,defensive,False,False,2,2 turns; risk_category=self_harm_language
C038,S-000710,2026-09-03T20:29:00Z,moderate,defensive,False,False,2,2 turns; risk_category=violence
C038,S-000711,2026-09-09T19:21:00Z,low,calm,False,False,2,2 turns; risk_category=unknown_flagged
C038,S-000712,2026-08-30T21:23:00Z,high,calm,False,True,2,2 turns; risk_category=self_harm_language
C038,S-000713,2026-08-19T19:34:00Z,low,calm,False,False,2,2 turns; risk_category=cyberbullying
C038,S-000714,2026-09-08T15:46:00Z,moderate,calm,True,False,2,2 turns; risk_category=cyberbullying
C038,S-000715,2026-08-27T15:19:00Z,moderate,calm,False,False,2,2 turns; risk_category=grooming_language
C038,S-000716,2026-08-24T19:32:00Z,high,distressed,False,True,2,2 turns; risk_category=self_harm_imagery
C038,S-000717,2026-08-08T16:16:00Z,moderate,calm,False,False,2,2 turns; risk_category=hate_speech
C039,S-000718,2026-08-16T20:04:00Z,moderate,distressed,False,False,3,3 turns; risk_category=self_harm_imagery
C039,S-000719,2026-08-01T19:41:00Z,high,distressed,False,True,2,2 turns; risk_category=self_harm_language
C039,S-000720,2026-08-31T17:56:00Z,low,defensive,False,False,2,2 turns; risk_category=violence
C039,S-000721,2026-07-21T20:49:00Z,low,distressed,False,False,2,2 turns; risk_category=explicit_visual
C039,S-000722,2026-09-27T19:09:00Z,low,distressed,False,False,2,2 turns; risk_category=hate_speech
C039,S-000723,2026-09-08T18:48:00Z,moderate,distressed,True,False,2,2 turns; risk_category=violence
C039,S-000724,2026-09-08T16:08:00Z,low,distressed,False,False,2,2 turns; risk_category=unknown_flagged
C039,S-000725,2026-09-09T17:05:00Z,low,distressed,False,False,2,2 turns; risk_category=self_harm_language
C039,S-000726,2026-08-06T18:35:00Z,low,distressed,False,False,2,2 turns; risk_category=self_harm_language
C039,S-000727,2026-09-25T16:15:00Z,low,distressed,False,False,2,2 turns; risk_category=self_harm_language
C039,S-000728,2026-07-31T15:42:00Z,high,distressed,False,True,2,2 turns; risk_category=grooming_language
C039,S-000729,2026-07-23T21:19:00Z,low,distressed,False,False,2,2 turns; risk_category=grooming_language
C039,S-000730,2026-09-14T19:09:00Z,high,distressed,False,True,2,2 turns; risk_category=hate_speech
C040,S-000731,2026-07-30T15:47:00Z,moderate,defensive,False,False,2,2 turns; risk_category=self_harm_imagery
C040,S-000732,2026-07-21T17:44:00Z,high,calm,True,True,2,2 turns; risk_category=unknown_flagged
C040,S-000733,2026-09-26T16:13:00Z,low,defensive,False,False,3,3 turns; risk_category=cyberbullying
C040,S-000734,2026-08-07T20:44:00Z,moderate,unclear,False,False,2,2 turns; risk_category=self_harm_language
C040,S-000735,2026-07-25T17:10:00Z,moderate,defensive,False,False,2,2 turns; risk_category=hate_speech
C040,S-000736,2026-07-26T18:41:00Z,moderate,calm,True,False,2,2 turns; risk_category=cyberbullying
C040,S-000737,2026-09-04T21:06:00Z,high,defensive,False,True,2,2 turns; risk_category=self_harm_language
C040,S-000738,2026-08-01T17:31:00Z,low,distressed,False,False,2,2 turns; risk_category=self_harm_imagery
C040,S-000739,2026-07-22T15:15:00Z,high,calm,False,True,2,2 turns; risk_category=unknown_flagged
C040,S-000740,2026-09-02T20:22:00Z,low,defensive,False,False,2,2 turns; risk_category=cyberbullying
C040,S-000741,2026-09-22T17:51:00Z,high,defensive,False,True,2,2 turns; risk_category=cyberbullying
C040,S-000742,2026-07-23T19:17:00Z,high,defensive,False,True,2,2 turns; risk_category=grooming_language
C040,S-000743,2026-07-31T20:24:00Z,moderate,defensive,False,False,2,2 turns; risk_category=hate_speech
C040,S-000744,2026-09-12T17:58:00Z,moderate,defensive,False,False,2,2 turns; risk_category=unknown_flagged
C040,S-000745,2026-08-06T19:34:00Z,low,defensive,False,False,3,3 turns; risk_category=hate_speech
C040,S-000746,2026-09-25T16:27:00Z,low,distressed,False,False,4,4 turns; risk_category=self_harm_imagery
C040,S-000747,2026-08-09T17:04:00Z,moderate,defensive,False,False,2,2 turns; risk_category=violence
C040,S-000748,2026-08-07T20:01:00Z,high,distressed,False,True,2,2 turns; risk_category=self_harm_language
C040,S-000749,2026-08-24T16:49:00Z,low,defensive,False,False,2,2 turns; risk_category=self_harm_imagery
C040,S-000750,2026-08-23T19:36:00Z,moderate,defensive,False,False,2,2 turns; risk_category=hate_speech
C040,S-000751,2026-07-30T20:49:00Z,low,defensive,False,False,2,2 turns; risk_category=unknown_flagged
C040,S-000752,2026-09-07T18:30:00Z,low,defensive,False,False,2,2 turns; risk_category=hate_speech
C040,S-000753,2026-07-21T17:26:00Z,moderate,defensive,False,False,2,2 turns; risk_category=hate_speech
C040,S-000754,2026-09-14T21:39:00Z,low,defensive,False,False,2,2 turns; risk_category=grooming_language
