child_id,session_id,archetype,risk_category,intended_risk_level,confidence_score,timestamp
C001,S-000001,distressed,violence,moderate,0.7,2026-08-20T16:08:00Z
C001,S-000002,defensive,explicit_visual,low,0.41,2026-07-31T16:14:00Z
C001,S-000003,defensive,cyberbullying,moderate,0.78,2026-09-27T18:14:00Z
C001,S-000004,defensive,self_harm_imagery,low,0.34,2026-08-09T20:27:00Z
C001,S-000005,defensive,grooming_language,moderate,0.71,2026-08-02T15:24:00Z
C001,S-000006,defensive,cyberbullying,high,0.97,2026-09-16T19:07:00Z
C001,S-000007,calm_reflective,hate_speech,moderate,0.76,2026-09-04T19:12:00Z
C001,S-000008,defensive,unknown_flagged,high,0.94,2026-08-18T21:06:00Z
C001,S-000009,defensive,violence,low,0.42,2026-09-05T17:13:00Z
C001,S-000010,defensive,hate_speech,low,0.43,2026-08-20T16:29:00Z
C001,S-000011,defensive,grooming_language,high,0.91,2026-07-27T16:52:00Z
C001,S-000012,defensive,unknown_flagged,low,0.33,2026-08-29T16:41:00Z
C002,S-000013,calm_reflective,self_harm_language,moderate,0.62,2026-08-22T20:37:00Z
C002,S-000014,calm_reflective,explicit_visual,high,0.97,2026-08-06T19:31:00Z
C002,S-000015,calm_reflective,violence,low,0.37,2026-08-09T21:43:00Z
C002,S-000016,withdrawn,explicit_visual,moderate,0.73,2026-09-17T19:16:00Z
C002,S-000017,calm_reflective,cyberbullying,low,0.38,2026-09-26T21:17:00Z
C002,S-000018,calm_reflective,violence,moderate,0.8,2026-08-22T19:48:00Z
C002,S-000019,calm_reflective,self_harm_imagery,low,0.4,2026-09-22T19:12:00Z
C002,S-000020,calm_reflective,explicit_visual,moderate,0.54,2026-09-25T15:38:00Z
C002,S-000021,calm_reflective,violence,low,0.32,2026-08-28T16:03:00Z
C002,S-000022,calm_reflective,unknown_flagged,moderate,0.82,2026-07-28T21:34:00Z
C002,S-000023,calm_reflective,hate_speech,low,0.48,2026-09-25T21:38:00Z
C002,S-000024,calm_reflective,grooming_language,moderate,0.65,2026-08-14T20:19:00Z
C002,S-000025,calm_reflective,explicit_visual,moderate,0.7,2026-08-04T16:14:00Z
C002,S-000026,calm_reflective,violence,low,0.47,2026-08-17T15:04:00Z
C002,S-000027,calm_reflective,unknown_flagged,high,0.88,2026-07-29T19:15:00Z
C002,S-000028,calm_reflective,self_harm_language,low,0.34,2026-09-18T16:50:00Z
C002,S-000029,calm_reflective,explicit_visual,low,0.43,2026-09-13T17:27:00Z
C002,S-000030,distressed,violence,high,0.88,2026-08-01T15:25:00Z
C002,S-000031,calm_reflective,unknown_flagged,low,0.35,2026-09-15T16:27:00Z
C002,S-000032,calm_reflective,explicit_visual,high,0.99,2026-09-14T21:55:00Z
C002,S-000033,calm_reflective,hate_speech,high,0.97,2026-08-19T16:26:00Z
C002,S-000034,calm_reflective,unknown_flagged,high,0.89,2026-08-10T18:00:00Z
C002,S-000035,calm_reflective,explicit_visual,moderate,0.7,2026-09-20T16:12:00Z
C003,S-000036,defensive,self_harm_imagery,low,0.31,2026-07-26T19:30:00Z
C003,S-000037,defensive,hate_speech,moderate,0.64,2026-08-12T15:38:00Z
C003,S-000038,defensive,violence,high,0.91,2026-08-20T19:38:00Z
C003,S-000039,defensive,grooming_language,moderate,0.58,2026-09-24T17:59:00Z
C003,S-000040,withdrawn,explicit_visual,low,0.39,2026-08-27T18:20:00Z
C003,S-000041,defensive,cyberbullying,high,0.87,2026-08-01T15:34:00Z
C003,S-000042,defensive,unknown_flagged,low,0.46,2026-07-28T16:23:00Z
C003,S-000043,calm_reflective,violence,moderate,0.82,2026-09-25T15:42:00Z
C003,S-000044,defensive,cyberbullying,low,0.35,2026-08-03T15:47:00Z
C003,S-000045,defensive,cyberbullying,low,0.4,2026-09-01T16:43:00Z
C003,S-000046,defensive,cyberbullying,low,0.31,2026-07-26T15:40:00Z
C003,S-000047,defensive,unknown_flagged,low,0.4,2026-08-05T20:16:00Z
C003,S-000048,distressed,self_harm_imagery,moderate,0.69,2026-07-21T15:04:00Z
C003,S-000049,defensive,grooming_language,high,0.98,2026-08-07T18:08:00Z
C003,S-000050,defensive,violence,moderate,0.62,2026-07-25T17:13:00Z
C003,S-000051,defensive,hate_speech,moderate,0.79,2026-09-10T19:47:00Z
C003,S-000052,defensive,grooming_language,high,0.96,2026-08-11T18:01:00Z
C003,S-000053,calm_reflective,explicit_visual,moderate,0.79,2026-08-20T17:10:00Z
C003,S-000054,withdrawn,hate_speech,low,0.3,2026-09-16T17:19:00Z
C003,S-000055,defensive,cyberbullying,low,0.37,2026-08-31T17:55:00Z
C003,S-000056,defensive,cyberbullying,moderate,0.56,2026-09-26T17:01:00Z
C003,S-000057,defensive,grooming_language,high,0.95,2026-08-22T15:06:00Z
C003,S-000058,calm_reflective,explicit_visual,low,0.43,2026-09-23T15:24:00Z
C004,S-000059,calm_reflective,grooming_language,moderate,0.71,2026-08-14T17:27:00Z
C004,S-000060,calm_reflective,cyberbullying,moderate,0.73,2026-08-04T20:57:00Z
C004,S-000061,calm_reflective,self_harm_language,low,0.43,2026-08-26T19:08:00Z
C004,S-000062,calm_reflective,hate_speech,high,0.91,2026-08-27T18:35:00Z
C004,S-000063,calm_reflective,hate_speech,moderate,0.67,2026-08-30T18:28:00Z
C004,S-000064,calm_reflective,grooming_language,moderate,0.53,2026-08-10T20:05:00Z
C004,S-000065,calm_reflective,hate_speech,high,0.87,2026-08-19T20:19:00Z
C004,S-000066,defensive,hate_speech,low,0.44,2026-09-18T19:54:00Z
C004,S-000067,calm_reflective,explicit_visual,low,0.47,2026-09-09T16:09:00Z
C004,S-000068,calm_reflective,unknown_flagged,high,0.86,2026-08-02T21:27:00Z
C004,S-000069,distressed,grooming_language,low,0.48,2026-08-04T18:08:00Z
C004,S-000070,defensive,self_harm_imagery,high,0.95,2026-09-22T18:53:00Z
C004,S-000071,calm_reflective,unknown_flagged,moderate,0.71,2026-08-22T21:15:00Z
C004,S-000072,calm_reflective,grooming_language,low,0.36,2026-07-29T20:18:00Z
C004,S-000073,calm_reflective,self_harm_imagery,moderate,0.74,2026-08-06T16:14:00Z
C004,S-000074,calm_reflective,explicit_visual,low,0.34,2026-09-10T17:34:00Z
C004,S-000075,defensive,explicit_visual,moderate,0.82,2026-07-22T21:56:00Z
C004,S-000076,defensive,hate_speech,low,0.39,2026-09-07T21:57:00Z
C004,S-000077,calm_reflective,self_harm_language,low,0.44,2026-09-20T15:24:00Z
C004,S-000078,calm_reflective,self_harm_language,high,0.93,2026-08-05T19:34:00Z
C004,S-000079,calm_reflective,unknown_flagged,moderate,0.56,2026-07-30T20:27:00Z
C004,S-000080,calm_reflective,self_harm_language,low,0.35,2026-08-30T16:29:00Z
C004,S-000081,calm_reflective,explicit_visual,high,0.95,2026-09-11T17:53:00Z
C004,S-000082,calm_reflective,explicit_visual,low,0.44,2026-09-02T16:41:00Z
C005,S-000083,withdrawn,violence,high,0.93,2026-08-08T16:08:00Z
C005,S-000084,withdrawn,violence,low,0.45,2026-08-21T21:23:00Z
C005,S-000085,withdrawn,cyberbullying,low,0.41,2026-08-28T15:37:00Z
C005,S-000086,withdrawn,hate_speech,high,0.86,2026-09-06T18:45:00Z
C005,S-000087,calm_reflective,self_harm_language,moderate,0.72,2026-08-04T21:36:00Z
C005,S-000088,withdrawn,unknown_flagged,low,0.32,2026-09-01T15:54:00Z
C005,S-000089,withdrawn,cyberbullying,high,0.94,2026-09-16T20:09:00Z
C005,S-000090,defensive,grooming_language,high,0.97,2026-09-19T18:27:00Z
C005,S-000091,withdrawn,unknown_flagged,high,0.93,2026-07-31T17:56:00Z
C005,S-000092,calm_reflective,hate_speech,moderate,0.62,2026-09-01T15:31:00Z
C005,S-000093,defensive,hate_speech,low,0.32,2026-08-24T19:44:00Z
C005,S-000094,withdrawn,unknown_flagged,moderate,0.72,2026-09-20T19:48:00Z
C005,S-000095,withdrawn,hate_speech,moderate,0.6,2026-07-22T15:18:00Z
C005,S-000096,withdrawn,grooming_language,moderate,0.62,2026-09-18T19:33:00Z
C005,S-000097,withdrawn,hate_speech,moderate,0.61,2026-08-28T17:14:00Z
C006,S-000098,distressed,cyberbullying,moderate,0.83,2026-08-13T16:47:00Z
C006,S-000099,distressed,explicit_visual,high,0.95,2026-08-26T16:23:00Z
C006,S-000100,distressed,self_harm_imagery,low,0.42,2026-07-25T15:35:00Z
C006,S-000101,distressed,unknown_flagged,moderate,0.66,2026-08-02T21:00:00Z
C006,S-000102,distressed,violence,low,0.38,2026-07-26T17:55:00Z
C006,S-000103,withdrawn,violence,low,0.49,2026-07-26T16:09:00Z
C006,S-000104,calm_reflective,self_harm_language,low,0.39,2026-09-11T19:38:00Z
C006,S-000105,distressed,violence,moderate,0.82,2026-09-12T17:36:00Z
C006,S-000106,distressed,hate_speech,low,0.33,2026-08-16T17:42:00Z
C006,S-000107,distressed,unknown_flagged,low,0.36,2026-07-20T18:28:00Z
C006,S-000108,distressed,hate_speech,low,0.48,2026-08-25T20:55:00Z
C006,S-000109,distressed,self_harm_imagery,moderate,0.81,2026-08-14T18:07:00Z
C006,S-000110,defensive,cyberbullying,high,0.91,2026-07-29T15:10:00Z
C006,S-000111,defensive,unknown_flagged,moderate,0.65,2026-08-27T20:25:00Z
C006,S-000112,distressed,explicit_visual,moderate,0.53,2026-09-13T20:20:00Z
C006,S-000113,defensive,self_harm_imagery,high,0.92,2026-07-22T21:43:00Z
C006,S-000114,distressed,unknown_flagged,moderate,0.83,2026-08-24T16:37:00Z
C006,S-000115,distressed,self_harm_imagery,moderate,0.61,2026-09-10T17:20:00Z
C006,S-000116,defensive,unknown_flagged,moderate,0.53,2026-08-25T20:25:00Z
C006,S-000117,distressed,explicit_visual,low,0.42,2026-08-03T21:25:00Z
C006,S-000118,distressed,unknown_flagged,moderate,0.71,2026-09-10T15:12:00Z
C006,S-000119,distressed,cyberbullying,moderate,0.65,2026-08-15T17:35:00Z
C006,S-000120,distressed,hate_speech,moderate,0.74,2026-08-04T15:40:00Z
C006,S-000121,distressed,violence,low,0.39,2026-07-21T19:26:00Z
C007,S-000122,calm_reflective,unknown_flagged,low,0.49,2026-08-26T19:45:00Z
C007,S-000123,defensive,self_harm_imagery,low,0.46,2026-08-07T18:12:00Z
C007,S-000124,calm_reflective,explicit_visual,low,0.35,2026-09-11T17:59:00Z
C007,S-000125,calm_reflective,unknown_flagged,low,0.37,2026-09-20T21:09:00Z
C007,S-000126,withdrawn,hate_speech,moderate,0.69,2026-09-27T18:29:00Z
C007,S-000127,distressed,self_harm_language,low,0.37,2026-09-10T15:20:00Z
C007,S-000128,calm_reflective,grooming_language,moderate,0.8,2026-08-08T18:02:00Z
C007,S-000129,calm_reflective,self_harm_imagery,high,0.91,2026-09-14T15:33:00Z
C007,S-000130,calm_reflective,self_harm_language,moderate,0.72,2026-08-08T15:30:00Z
C007,S-000131,calm_reflective,unknown_flagged,high,0.97,2026-09-26T18:20:00Z
C007,S-000132,calm_reflective,cyberbullying,low,0.49,2026-07-28T16:40:00Z
C007,S-000133,calm_reflective,violence,moderate,0.65,2026-09-13T15:48:00Z
C007,S-000134,calm_reflective,grooming_language,moderate,0.65,2026-07-23T15:20:00Z
C007,S-000135,calm_reflective,violence,low,0.42,2026-09-10T19:43:00Z
C007,S-000136,calm_reflective,hate_speech,low,0.39,2026-08-19T18:58:00Z
C007,S-000137,defensive,cyberbullying,low,0.43,2026-08-21T20:00:00Z
C007,S-000138,calm_reflective,self_harm_language,low,0.43,2026-09-14T17:37:00Z
C007,S-000139,calm_reflective,self_harm_language,moderate,0.69,2026-08-27T16:24:00Z
C007,S-000140,calm_reflective,cyberbullying,moderate,0.5,2026-08-26T15:53:00Z
C007,S-000141,calm_reflective,cyberbullying,high,0.96,2026-07-26T19:47:00Z
C007,S-000142,calm_reflective,cyberbullying,low,0.43,2026-09-03T16:40:00Z
C007,S-000143,defensive,cyberbullying,moderate,0.77,2026-08-06T20:06:00Z
C007,S-000144,calm_reflective,cyberbullying,low,0.36,2026-09-04T20:08:00Z
C007,S-000145,calm_reflective,grooming_language,moderate,0.68,2026-08-14T16:50:00Z
C007,S-000146,defensive,cyberbullying,high,0.95,2026-08-10T17:58:00Z
C008,S-000147,withdrawn,self_harm_language,moderate,0.83,2026-07-29T16:48:00Z
C008,S-000148,calm_reflective,cyberbullying,high,0.93,2026-09-04T15:50:00Z
C008,S-000149,withdrawn,violence,moderate,0.73,2026-08-22T19:24:00Z
C008,S-000150,calm_reflective,unknown_flagged,moderate,0.81,2026-08-30T19:14:00Z
C008,S-000151,calm_reflective,explicit_visual,low,0.36,2026-09-10T15:08:00Z
C008,S-000152,calm_reflective,self_harm_language,moderate,0.65,2026-08-01T16:56:00Z
C008,S-000153,calm_reflective,self_harm_language,moderate,0.72,2026-09-27T18:37:00Z
C008,S-000154,calm_reflective,hate_speech,high,0.91,2026-09-10T17:02:00Z
C008,S-000155,calm_reflective,grooming_language,high,0.86,2026-09-04T15:43:00Z
C008,S-000156,calm_reflective,hate_speech,low,0.42,2026-08-04T21:52:00Z
C008,S-000157,calm_reflective,self_harm_imagery,moderate,0.77,2026-07-22T15:50:00Z
C008,S-000158,calm_reflective,self_harm_imagery,low,0.45,2026-08-15T19:13:00Z
C008,S-000159,defensive,self_harm_imagery,moderate,0.54,2026-08-24T21:09:00Z
C009,S-000160,withdrawn,cyberbullying,low,0.31,2026-08-19T19:20:00Z
C009,S-000161,withdrawn,unknown_flagged,moderate,0.76,2026-09-25T15:47:00Z
C009,S-000162,withdrawn,explicit_visual,moderate,0.75,2026-08-02T18:32:00Z
C009,S-000163,withdrawn,explicit_visual,high,0.86,2026-09-24T17:29:00Z
C009,S-000164,withdrawn,unknown_flagged,moderate,0.52,2026-09-09T18:43:00Z
C009,S-000165,withdrawn,grooming_language,low,0.37,2026-08-07T15:08:00Z
C009,S-000166,withdrawn,violence,moderate,0.77,2026-08-26T18:32:00Z
C009,S-000167,defensive,unknown_flagged,low,0.38,2026-08-16T18:28:00Z
C009,S-000168,withdrawn,grooming_language,moderate,0.82,2026-08-29T18:20:00Z
C009,S-000169,calm_reflective,violence,moderate,0.75,2026-09-18T15:05:00Z
C009,S-000170,withdrawn,grooming_language,low,0.43,2026-08-05T19:03:00Z
C009,S-000171,withdrawn,cyberbullying,moderate,0.62,2026-09-12T21:58:00Z
C009,S-000172,withdrawn,violence,moderate,0.62,2026-08-16T16:42:00Z
C009,S-000173,withdrawn,self_harm_language,moderate,0.79,2026-08-03T21:17:00Z
C010,S-000174,withdrawn,cyberbullying,moderate,0.51,2026-07-23T19:59:00Z
C010,S-000175,withdrawn,self_harm_imagery,low,0.41,2026-08-28T17:22:00Z
C010,S-000176,calm_reflective,hate_speech,moderate,0.63,2026-08-07T20:40:00Z
C010,S-000177,distressed,violence,moderate,0.8,2026-08-09T17:19:00Z
C010,S-000178,withdrawn,self_harm_language,low,0.39,2026-07-26T20:05:00Z
C010,S-000179,withdrawn,grooming_language,moderate,0.65,2026-08-23T16:48:00Z
C010,S-000180,withdrawn,hate_speech,low,0.38,2026-09-20T19:42:00Z
C010,S-000181,distressed,cyberbullying,moderate,0.6,2026-07-20T16:19:00Z
C010,S-000182,withdrawn,self_harm_language,low,0.4,2026-09-21T20:27:00Z
C010,S-000183,calm_reflective,explicit_visual,low,0.39,2026-09-03T15:25:00Z
C010,S-000184,withdrawn,self_harm_language,low,0.36,2026-08-29T19:27:00Z
C010,S-000185,defensive,grooming_language,moderate,0.53,2026-08-30T16:51:00Z
C010,S-000186,withdrawn,violence,high,0.91,2026-08-20T18:37:00Z
C010,S-000187,calm_reflective,violence,low,0.4,2026-09-01T16:21:00Z
C010,S-000188,defensive,self_harm_imagery,low,0.34,2026-09-02T17:46:00Z
C010,S-000189,withdrawn,violence,low,0.33,2026-08-14T16:38:00Z
C010,S-000190,withdrawn,unknown_flagged,moderate,0.73,2026-09-21T18:48:00Z
C010,S-000191,withdrawn,unknown_flagged,high,0.86,2026-08-30T21:40:00Z
C010,S-000192,withdrawn,grooming_language,moderate,0.67,2026-08-27T21:17:00Z
C010,S-000193,withdrawn,cyberbullying,low,0.31,2026-09-15T15:03:00Z
C010,S-000194,withdrawn,unknown_flagged,high,0.93,2026-07-31T19:38:00Z
C010,S-000195,distressed,grooming_language,high,0.93,2026-07-25T18:58:00Z
C010,S-000196,distressed,violence,moderate,0.67,2026-07-27T18:06:00Z
C010,S-000197,defensive,self_harm_imagery,low,0.37,2026-08-20T20:28:00Z
C010,S-000198,withdrawn,explicit_visual,high,0.96,2026-09-07T18:49:00Z
C011,S-000199,distressed,self_harm_imagery,low,0.36,2026-09-07T17:16:00Z
C011,S-000200,distressed,self_harm_language,moderate,0.54,2026-08-07T17:19:00Z
C011,S-000201,defensive,grooming_language,moderate,0.78,2026-07-30T17:35:00Z
C011,S-000202,defensive,grooming_language,moderate,0.51,2026-09-25T15:41:00Z
C011,S-000203,defensive,hate_speech,low,0.49,2026-08-16T17:49:00Z
C011,S-000204,defensive,explicit_visual,low,0.43,2026-08-26T21:50:00Z
C011,S-000205,defensive,self_harm_imagery,high,0.97,2026-08-05T19:24:00Z
C011,S-000206,defensive,grooming_language,moderate,0.73,2026-08-10T20:28:00Z
C011,S-000207,distressed,hate_speech,low,0.4,2026-09-14T19:18:00Z
C011,S-000208,defensive,unknown_flagged,low,0.39,2026-09-18T21:12:00Z
C011,S-000209,defensive,self_harm_imagery,low,0.46,2026-09-06T19:33:00Z
C011,S-000210,defensive,unknown_flagged,high,0.97,2026-08-06T21:16:00Z
C011,S-000211,defensive,violence,moderate,0.6,2026-08-02T20:54:00Z
C012,S-000212,distressed,hate_speech,moderate,0.78,2026-09-23T16:53:00Z
C012,S-000213,distressed,grooming_language,high,0.88,2026-07-23T18:03:00Z
C012,S-000214,distressed,violence,high,0.97,2026-09-05T16:01:00Z
C012,S-000215,distressed,unknown_flagged,moderate,0.74,2026-08-07T16:02:00Z
C012,S-000216,distressed,violence,low,0.3,2026-09-18T18:39:00Z
C012,S-000217,distressed,self_harm_language,low,0.32,2026-08-08T19:46:00Z
C012,S-000218,distressed,unknown_flagged,low,0.31,2026-08-27T15:03:00Z
C012,S-000219,distressed,hate_speech,high,0.95,2026-09-21T19:34:00Z
C012,S-000220,distressed,self_harm_language,low,0.34,2026-07-20T19:22:00Z
C012,S-000221,defensive,explicit_visual,moderate,0.63,2026-09-25T17:04:00Z
C012,S-000222,defensive,violence,moderate,0.62,2026-09-07T17:16:00Z
C012,S-000223,calm_reflective,explicit_visual,moderate,0.62,2026-08-02T21:37:00Z
C012,S-000224,distressed,unknown_flagged,low,0.42,2026-08-11T21:49:00Z
C012,S-000225,calm_reflective,hate_speech,high,0.86,2026-07-28T20:49:00Z
C012,S-000226,distressed,self_harm_language,low,0.49,2026-07-25T17:59:00Z
C012,S-000227,distressed,cyberbullying,moderate,0.62,2026-08-21T15:48:00Z
C013,S-000228,distressed,self_harm_language,moderate,0.75,2026-08-23T15:51:00Z
C013,S-000229,distressed,unknown_flagged,high,0.9,2026-09-07T17:11:00Z
C013,S-000230,calm_reflective,self_harm_imagery,moderate,0.69,2026-08-23T21:05:00Z
C013,S-000231,distressed,unknown_flagged,low,0.41,2026-07-30T17:42:00Z
C013,S-000232,distressed,grooming_language,moderate,0.71,2026-09-14T17:28:00Z
C013,S-000233,distressed,grooming_language,moderate,0.67,2026-07-27T15:42:00Z
C013,S-000234,distressed,unknown_flagged,moderate,0.51,2026-08-09T15:09:00Z
C013,S-000235,calm_reflective,self_harm_imagery,low,0.43,2026-09-04T17:24:00Z
C013,S-000236,distressed,self_harm_imagery,high,0.92,2026-09-05T18:48:00Z
C013,S-000237,distressed,self_harm_imagery,low,0.39,2026-08-24T16:07:00Z
C013,S-000238,distressed,unknown_flagged,low,0.34,2026-08-04T17:49:00Z
C013,S-000239,distressed,violence,moderate,0.65,2026-09-20T16:07:00Z
C013,S-000240,distressed,grooming_language,high,0.94,2026-09-14T15:51:00Z
C013,S-000241,distressed,self_harm_imagery,moderate,0.74,2026-09-27T17:57:00Z
C013,S-000242,distressed,violence,high,0.99,2026-08-11T21:23:00Z
C013,S-000243,distressed,grooming_language,moderate,0.66,2026-08-19T21:31:00Z
C013,S-000244,distressed,cyberbullying,high,0.91,2026-08-05T19:56:00Z
C013,S-000245,distressed,violence,moderate,0.54,2026-09-19T19:26:00Z
C013,S-000246,distressed,grooming_language,low,0.32,2026-07-29T18:29:00Z
C013,S-000247,distressed,explicit_visual,high,0.97,2026-08-12T21:08:00Z
C013,S-000248,distressed,hate_speech,moderate,0.62,2026-08-27T16:10:00Z
C013,S-000249,distressed,cyberbullying,high,0.87,2026-08-25T21:05:00Z
C013,S-000250,distressed,self_harm_imagery,low,0.33,2026-09-26T15:32:00Z
C013,S-000251,distressed,explicit_visual,moderate,0.53,2026-09-01T21:59:00Z
C013,S-000252,defensive,explicit_visual,high,0.92,2026-08-22T20:13:00Z
C014,S-000253,distressed,cyberbullying,moderate,0.65,2026-08-27T18:15:00Z
C014,S-000254,defensive,hate_speech,moderate,0.62,2026-08-09T18:26:00Z
C014,S-000255,defensive,self_harm_language,low,0.32,2026-08-29T20:55:00Z
C014,S-000256,defensive,cyberbullying,low,0.39,2026-08-02T17:15:00Z
C014,S-000257,defensive,self_harm_imagery,low,0.45,2026-07-26T17:24:00Z
C014,S-000258,defensive,unknown_flagged,high,0.92,2026-08-29T16:48:00Z
C014,S-000259,defensive,hate_speech,low,0.34,2026-07-22T15:25:00Z
C014,S-000260,defensive,unknown_flagged,low,0.35,2026-07-26T17:31:00Z
C014,S-000261,distressed,self_harm_language,low,0.37,2026-08-02T18:08:00Z
C014,S-000262,defensive,self_harm_language,moderate,0.67,2026-08-13T17:35:00Z
C014,S-000263,defensive,violence,moderate,0.54,2026-08-24T21:39:00Z
C014,S-000264,defensive,grooming_language,low,0.44,2026-09-05T21:21:00Z
C014,S-000265,defensive,explicit_visual,low,0.33,2026-09-23T18:32:00Z
C014,S-000266,defensive,self_harm_imagery,low,0.36,2026-09-18T19:29:00Z
C014,S-000267,calm_reflective,grooming_language,moderate,0.67,2026-08-09T18:39:00Z
C014,S-000268,defensive,explicit_visual,moderate,0.63,2026-09-20T20:36:00Z
C015,S-000269,distressed,hate_speech,moderate,0.75,2026-07-23T19:30:00Z
C015,S-000270,distressed,self_harm_language,moderate,0.55,2026-08-10T19:40:00Z
C015,S-000271,distressed,explicit_visual,moderate,0.65,2026-07-24T19:44:00Z
C015,S-000272,distressed,unknown_flagged,moderate,0.8,2026-09-10T20:13:00Z
C015,S-000273,distressed,grooming_language,moderate,0.84,2026-07-27T20:08:00Z
C015,S-000274,distressed,grooming_language,moderate,0.69,2026-09-06T17:11:00Z
C015,S-000275,distressed,hate_speech,moderate,0.59,2026-08-22T19:30:00Z
C015,S-000276,distressed,unknown_flagged,low,0.36,2026-08-27T21:18:00Z
C015,S-000277,distressed,self_harm_language,low,0.47,2026-08-24T17:07:00Z
C015,S-000278,distressed,explicit_visual,low,0.35,2026-09-02T21:51:00Z
C015,S-000279,distressed,unknown_flagged,moderate,0.57,2026-09-02T18:41:00Z
C015,S-000280,distressed,violence,high,0.94,2026-08-23T19:44:00Z
C015,S-000281,calm_reflective,hate_speech,moderate,0.52,2026-08-20T15:42:00Z
C015,S-000282,calm_reflective,self_harm_imagery,moderate,0.64,2026-09-18T15:43:00Z
C015,S-000283,distressed,cyberbullying,high,0.89,2026-09-18T18:41:00Z
C015,S-000284,distressed,explicit_visual,moderate,0.81,2026-07-31T20:36:00Z
C015,S-000285,distressed,unknown_flagged,low,0.34,2026-08-11T15:53:00Z
C015,S-000286,distressed,violence,moderate,0.82,2026-08-26T15:00:00Z
C016,S-000287,calm_reflective,unknown_flagged,high,0.89,2026-09-27T19:31:00Z
C016,S-000288,calm_reflective,cyberbullying,high,0.95,2026-08-31T16:46:00Z
C016,S-000289,calm_reflective,hate_speech,low,0.33,2026-09-01T21:18:00Z
C016,S-000290,calm_reflective,violence,high,0.91,2026-09-09T21:27:00Z
C016,S-000291,calm_reflective,self_harm_language,low,0.34,2026-08-06T18:20:00Z
C016,S-000292,calm_reflective,grooming_language,moderate,0.74,2026-08-31T17:37:00Z
C016,S-000293,calm_reflective,cyberbullying,low,0.43,2026-08-04T18:19:00Z
C016,S-000294,calm_reflective,self_harm_imagery,moderate,0.66,2026-08-26T17:39:00Z
C016,S-000295,calm_reflective,unknown_flagged,moderate,0.76,2026-09-05T18:44:00Z
C016,S-000296,calm_reflective,violence,high,0.92,2026-08-16T21:15:00Z
C016,S-000297,calm_reflective,explicit_visual,moderate,0.78,2026-09-04T15:58:00Z
C016,S-000298,calm_reflective,grooming_language,high,0.97,2026-08-14T19:34:00Z
C016,S-000299,calm_reflective,unknown_flagged,moderate,0.77,2026-08-15T20:37:00Z
C016,S-000300,calm_reflective,unknown_flagged,moderate,0.73,2026-09-23T18:29:00Z
C016,S-000301,distressed,violence,low,0.31,2026-07-22T18:16:00Z
C016,S-000302,calm_reflective,unknown_flagged,low,0.31,2026-07-28T19:03:00Z
C016,S-000303,defensive,self_harm_language,moderate,0.63,2026-08-06T21:41:00Z
C016,S-000304,defensive,self_harm_imagery,high,0.94,2026-09-15T21:58:00Z
C016,S-000305,calm_reflective,hate_speech,low,0.46,2026-08-11T19:25:00Z
C017,S-000306,distressed,hate_speech,moderate,0.58,2026-09-27T18:34:00Z
C017,S-000307,distressed,explicit_visual,low,0.45,2026-08-24T16:59:00Z
C017,S-000308,distressed,explicit_visual,moderate,0.65,2026-07-22T16:13:00Z
C017,S-000309,distressed,unknown_flagged,moderate,0.58,2026-07-26T16:47:00Z
C017,S-000310,calm_reflective,grooming_language,low,0.41,2026-07-27T16:32:00Z
C017,S-000311,withdrawn,hate_speech,moderate,0.64,2026-08-30T16:19:00Z
C017,S-000312,distressed,unknown_flagged,low,0.31,2026-08-11T20:43:00Z
C017,S-000313,distressed,self_harm_language,low,0.38,2026-09-06T21:33:00Z
C017,S-000314,distressed,hate_speech,low,0.36,2026-08-12T21:34:00Z
C017,S-000315,distressed,self_harm_language,moderate,0.69,2026-09-17T15:35:00Z
C017,S-000316,distressed,violence,low,0.48,2026-08-20T17:13:00Z
C017,S-000317,calm_reflective,self_harm_language,high,0.94,2026-07-31T19:46:00Z
C017,S-000318,distressed,hate_speech,moderate,0.66,2026-07-29T16:51:00Z
C017,S-000319,distressed,hate_speech,high,0.98,2026-08-31T17:58:00Z
C017,S-000320,distressed,hate_speech,low,0.38,2026-09-19T16:44:00Z
C017,S-000321,distressed,grooming_language,low,0.36,2026-08-30T21:18:00Z
C018,S-000322,defensive,hate_speech,moderate,0.63,2026-09-18T21:53:00Z
C018,S-000323,defensive,self_harm_language,moderate,0.6,2026-08-17T20:09:00Z
C018,S-000324,defensive,grooming_language,low,0.35,2026-08-18T18:36:00Z
C018,S-000325,defensive,self_harm_imagery,high,0.95,2026-09-20T18:10:00Z
C018,S-000326,defensive,violence,moderate,0.82,2026-09-27T20:03:00Z
C018,S-000327,calm_reflective,self_harm_imagery,moderate,0.5,2026-07-20T18:08:00Z
C018,S-000328,defensive,unknown_flagged,moderate,0.72,2026-09-05T15:39:00Z
C018,S-000329,defensive,cyberbullying,low,0.4,2026-09-26T19:26:00Z
C018,S-000330,defensive,self_harm_imagery,low,0.32,2026-09-22T21:44:00Z
C018,S-000331,defensive,cyberbullying,low,0.45,2026-08-08T16:12:00Z
C018,S-000332,defensive,hate_speech,low,0.49,2026-09-08T15:23:00Z
C018,S-000333,defensive,explicit_visual,low,0.32,2026-07-30T20:54:00Z
C018,S-000334,defensive,self_harm_imagery,low,0.32,2026-09-18T15:40:00Z
C018,S-000335,withdrawn,explicit_visual,high,0.88,2026-08-31T19:54:00Z
C018,S-000336,distressed,cyberbullying,high,0.98,2026-09-18T17:02:00Z
C018,S-000337,calm_reflective,hate_speech,moderate,0.7,2026-07-24T16:59:00Z
C018,S-000338,defensive,hate_speech,moderate,0.69,2026-09-08T15:19:00Z
C018,S-000339,calm_reflective,violence,high,0.92,2026-09-27T17:24:00Z
C018,S-000340,defensive,violence,high,0.9,2026-07-26T15:27:00Z
C019,S-000341,distressed,unknown_flagged,low,0.39,2026-08-30T15:40:00Z
C019,S-000342,distressed,self_harm_language,low,0.32,2026-09-06T18:11:00Z
C019,S-000343,distressed,self_harm_imagery,moderate,0.63,2026-08-20T20:04:00Z
C019,S-000344,distressed,violence,moderate,0.53,2026-08-08T20:24:00Z
C019,S-000345,distressed,self_harm_imagery,high,0.86,2026-09-14T17:48:00Z
C019,S-000346,distressed,grooming_language,moderate,0.69,2026-09-23T18:06:00Z
C019,S-000347,distressed,self_harm_language,moderate,0.63,2026-08-30T21:24:00Z
C019,S-000348,distressed,self_harm_language,low,0.33,2026-08-20T19:33:00Z
C019,S-000349,distressed,self_harm_language,low,0.35,2026-08-23T18:09:00Z
C019,S-000350,distressed,unknown_flagged,low,0.41,2026-07-29T17:16:00Z
C019,S-000351,distressed,self_harm_language,low,0.36,2026-08-02T16:19:00Z
C019,S-000352,distressed,self_harm_imagery,moderate,0.6,2026-08-31T18:21:00Z
C019,S-000353,distressed,self_harm_language,moderate,0.83,2026-08-14T18:20:00Z
C019,S-000354,distressed,self_harm_language,low,0.35,2026-09-20T19:50:00Z
C019,S-000355,distressed,self_harm_imagery,moderate,0.73,2026-09-04T15:59:00Z
C019,S-000356,distressed,cyberbullying,moderate,0.78,2026-09-17T20:13:00Z
C019,S-000357,distressed,cyberbullying,low,0.35,2026-09-10T20:31:00Z
C019,S-000358,distressed,unknown_flagged,moderate,0.7,2026-09-12T21:24:00Z
C019,S-000359,defensive,violence,moderate,0.54,2026-09-11T19:02:00Z
C019,S-000360,distressed,self_harm_language,low,0.48,2026-09-03T16:41:00Z
C019,S-000361,distressed,hate_speech,low,0.4,2026-09-13T15:00:00Z
C020,S-000362,defensive,self_harm_imagery,moderate,0.62,2026-08-17T18:23:00Z
C020,S-000363,calm_reflective,self_harm_imagery,low,0.37,2026-08-02T17:26:00Z
C020,S-000364,defensive,violence,low,0.38,2026-08-15T19:30:00Z
C020,S-000365,defensive,violence,moderate,0.51,2026-08-29T15:19:00Z
C020,S-000366,defensive,hate_speech,low,0.4,2026-08-02T20:51:00Z
C020,S-000367,calm_reflective,self_harm_language,moderate,0.71,2026-08-31T19:27:00Z
C020,S-000368,withdrawn,unknown_flagged,low,0.41,2026-09-13T18:01:00Z
C020,S-000369,distressed,violence,low,0.41,2026-08-16T16:17:00Z
C020,S-000370,defensive,unknown_flagged,moderate,0.54,2026-09-26T16:23:00Z
C020,S-000371,defensive,self_harm_language,moderate,0.71,2026-09-20T19:40:00Z
C020,S-000372,defensive,self_harm_imagery,moderate,0.78,2026-09-02T17:54:00Z
C020,S-000373,defensive,self_harm_imagery,moderate,0.61,2026-08-27T19:37:00Z
C020,S-000374,defensive,self_harm_language,low,0.38,2026-08-03T16:23:00Z
C020,S-000375,defensive,self_harm_imagery,low,0.41,2026-09-07T18:11:00Z
C020,S-000376,defensive,grooming_language,moderate,0.82,2026-08-06T16:20:00Z
C020,S-000377,defensive,unknown_flagged,moderate,0.64,2026-08-13T21:24:00Z
C020,S-000378,defensive,explicit_visual,moderate,0.77,2026-09-14T18:10:00Z
C020,S-000379,defensive,self_harm_imagery,low,0.45,2026-07-24T17:14:00Z
C020,S-000380,defensive,violence,moderate,0.59,2026-09-21T19:32:00Z
C020,S-000381,distressed,unknown_flagged,moderate,0.69,2026-09-04T19:52:00Z
C020,S-000382,defensive,hate_speech,high,0.89,2026-08-02T20:53:00Z
C021,S-000383,distressed,hate_speech,low,0.34,2026-07-31T18:55:00Z
C021,S-000384,withdrawn,self_harm_language,moderate,0.56,2026-09-02T21:45:00Z
C021,S-000385,defensive,cyberbullying,low,0.41,2026-08-15T21:13:00Z
C021,S-000386,withdrawn,violence,low,0.33,2026-08-26T17:36:00Z
C021,S-000387,calm_reflective,self_harm_imagery,moderate,0.58,2026-09-10T15:17:00Z
C021,S-000388,withdrawn,unknown_flagged,moderate,0.55,2026-08-20T21:53:00Z
C021,S-000389,withdrawn,violence,moderate,0.64,2026-09-11T18:28:00Z
C021,S-000390,withdrawn,explicit_visual,moderate,0.8,2026-09-05T18:31:00Z
C021,S-000391,withdrawn,grooming_language,high,0.97,2026-07-31T20:29:00Z
C021,S-000392,defensive,grooming_language,moderate,0.78,2026-09-08T16:27:00Z
C021,S-000393,withdrawn,grooming_language,low,0.47,2026-08-05T19:54:00Z
C021,S-000394,defensive,violence,moderate,0.82,2026-07-25T15:40:00Z
C021,S-000395,withdrawn,self_harm_imagery,low,0.47,2026-09-16T15:27:00Z
C021,S-000396,withdrawn,violence,low,0.37,2026-08-24T15:41:00Z
C021,S-000397,withdrawn,hate_speech,high,0.91,2026-08-10T15:25:00Z
C021,S-000398,withdrawn,self_harm_imagery,low,0.41,2026-08-01T15:13:00Z
C021,S-000399,withdrawn,violence,moderate,0.84,2026-09-14T15:00:00Z
C021,S-000400,withdrawn,violence,moderate,0.75,2026-08-05T18:04:00Z
C021,S-000401,withdrawn,self_harm_language,low,0.45,2026-08-29T17:56:00Z
C022,S-000402,distressed,self_harm_imagery,moderate,0.65,2026-08-07T15:33:00Z
C022,S-000403,distressed,hate_speech,moderate,0.53,2026-08-08T18:39:00Z
C022,S-000404,distressed,self_harm_language,low,0.36,2026-08-04T19:46:00Z
C022,S-000405,distressed,cyberbullying,low,0.45,2026-08-24T20:05:00Z
C022,S-000406,distressed,hate_speech,moderate,0.75,2026-08-27T16:33:00Z
C022,S-000407,calm_reflective,self_harm_language,low,0.32,2026-07-26T21:57:00Z
C022,S-000408,withdrawn,grooming_language,moderate,0.54,2026-07-29T19:56:00Z
C022,S-000409,distressed,unknown_flagged,high,0.98,2026-09-11T17:34:00Z
C022,S-000410,distressed,hate_speech,moderate,0.51,2026-07-22T19:04:00Z
C022,S-000411,distressed,self_harm_language,low,0.38,2026-09-08T19:18:00Z
C022,S-000412,distressed,violence,moderate,0.61,2026-09-26T19:39:00Z
C022,S-000413,distressed,self_harm_language,moderate,0.7,2026-08-15T21:09:00Z
C022,S-000414,distressed,hate_speech,moderate,0.52,2026-07-28T17:44:00Z
C022,S-000415,distressed,explicit_visual,low,0.36,2026-09-13T15:29:00Z
C023,S-000416,calm_reflective,grooming_language,low,0.4,2026-07-21T20:08:00Z
C023,S-000417,distressed,cyberbullying,moderate,0.75,2026-08-22T16:23:00Z
C023,S-000418,distressed,violence,low,0.35,2026-07-23T17:51:00Z
C023,S-000419,distressed,explicit_visual,high,0.92,2026-07-29T18:29:00Z
C023,S-000420,withdrawn,violence,moderate,0.58,2026-09-05T16:16:00Z
C023,S-000421,distressed,explicit_visual,moderate,0.66,2026-07-25T21:55:00Z
C023,S-000422,calm_reflective,self_harm_language,low,0.34,2026-08-08T16:59:00Z
C023,S-000423,distressed,grooming_language,low,0.32,2026-08-29T17:52:00Z
C023,S-000424,withdrawn,self_harm_language,moderate,0.52,2026-07-26T16:14:00Z
C023,S-000425,distressed,violence,moderate,0.69,2026-08-25T21:54:00Z
C023,S-000426,distressed,hate_speech,low,0.39,2026-08-14T17:36:00Z
C023,S-000427,distressed,hate_speech,moderate,0.55,2026-09-21T21:49:00Z
C023,S-000428,distressed,explicit_visual,high,0.98,2026-07-23T16:34:00Z
C023,S-000429,calm_reflective,hate_speech,low,0.38,2026-09-06T21:47:00Z
C023,S-000430,distressed,hate_speech,high,0.98,2026-08-07T20:17:00Z
C023,S-000431,distressed,violence,moderate,0.67,2026-09-05T18:47:00Z
C023,S-000432,distressed,self_harm_language,moderate,0.73,2026-09-08T15:37:00Z
C023,S-000433,distressed,self_harm_language,low,0.43,2026-08-26T17:54:00Z
C023,S-000434,distressed,hate_speech,moderate,0.55,2026-08-29T18:17:00Z
C023,S-000435,distressed,unknown_flagged,moderate,0.61,2026-08-02T16:06:00Z
C023,S-000436,distressed,unknown_flagged,low,0.35,2026-09-03T21:13:00Z
C023,S-000437,distressed,explicit_visual,low,0.34,2026-08-09T21:43:00Z
C023,S-000438,distressed,grooming_language,high,0.91,2026-08-07T15:45:00Z
C024,S-000439,defensive,hate_speech,low,0.32,2026-08-11T15:25:00Z
C024,S-000440,calm_reflective,hate_speech,low,0.32,2026-08-06T15:00:00Z
C024,S-000441,calm_reflective,cyberbullying,high,0.98,2026-09-05T20:40:00Z
C024,S-000442,calm_reflective,self_harm_imagery,low,0.32,2026-07-28T16:57:00Z
C024,S-000443,calm_reflective,self_harm_language,high,0.97,2026-08-31T15:02:00Z
C024,S-000444,calm_reflective,grooming_language,low,0.34,2026-07-23T18:43:00Z
C024,S-000445,calm_reflective,hate_speech,low,0.42,2026-08-24T18:56:00Z
C024,S-000446,calm_reflective,self_harm_imagery,moderate,0.64,2026-09-19T15:05:00Z
C024,S-000447,defensive,explicit_visual,moderate,0.84,2026-09-25T16:40:00Z
C024,S-000448,calm_reflective,grooming_language,moderate,0.63,2026-09-03T18:34:00Z
C024,S-000449,calm_reflective,cyberbullying,low,0.31,2026-08-29T19:14:00Z
C024,S-000450,calm_reflective,hate_speech,high,0.99,2026-09-25T17:49:00Z
C024,S-000451,withdrawn,explicit_visual,low,0.45,2026-08-19T17:34:00Z
C024,S-000452,distressed,self_harm_imagery,high,0.88,2026-09-07T17:59:00Z
C024,S-000453,defensive,self_harm_imagery,low,0.41,2026-09-03T19:01:00Z
C024,S-000454,calm_reflective,explicit_visual,low,0.32,2026-09-21T19:19:00Z
C025,S-000455,calm_reflective,self_harm_imagery,low,0.36,2026-09-19T15:21:00Z
C025,S-000456,calm_reflective,self_harm_imagery,low,0.45,2026-08-30T15:01:00Z
C025,S-000457,distressed,violence,high,0.9,2026-09-04T15:23:00Z
C025,S-000458,withdrawn,grooming_language,low,0.33,2026-08-09T20:27:00Z
C025,S-000459,calm_reflective,self_harm_imagery,high,0.9,2026-09-03T16:42:00Z
C025,S-000460,withdrawn,self_harm_language,moderate,0.79,2026-08-26T16:11:00Z
C025,S-000461,calm_reflective,hate_speech,moderate,0.72,2026-07-24T16:38:00Z
C025,S-000462,calm_reflective,grooming_language,low,0.33,2026-09-21T16:21:00Z
C025,S-000463,calm_reflective,grooming_language,high,0.91,2026-07-31T21:45:00Z
C025,S-000464,calm_reflective,violence,low,0.44,2026-08-20T20:04:00Z
C025,S-000465,withdrawn,unknown_flagged,low,0.47,2026-09-14T20:26:00Z
C025,S-000466,calm_reflective,hate_speech,low,0.33,2026-09-06T15:53:00Z
C025,S-000467,calm_reflective,violence,low,0.31,2026-07-24T17:01:00Z
C025,S-000468,calm_reflective,violence,low,0.36,2026-09-06T16:46:00Z
C025,S-000469,calm_reflective,self_harm_imagery,high,0.94,2026-09-19T20:01:00Z
C026,S-000470,defensive,cyberbullying,low,0.43,2026-08-15T16:26:00Z
C026,S-000471,defensive,unknown_flagged,low,0.33,2026-08-01T15:25:00Z
C026,S-000472,defensive,unknown_flagged,low,0.34,2026-09-12T15:18:00Z
C026,S-000473,defensive,violence,low,0.36,2026-08-10T20:18:00Z
C026,S-000474,defensive,self_harm_language,low,0.34,2026-09-20T20:16:00Z
C026,S-000475,defensive,unknown_flagged,high,0.92,2026-09-05T16:28:00Z
C026,S-000476,defensive,violence,low,0.32,2026-08-23T19:03:00Z
C026,S-000477,defensive,explicit_visual,low,0.46,2026-09-27T18:48:00Z
C026,S-000478,defensive,hate_speech,high,0.92,2026-09-11T19:43:00Z
C026,S-000479,distressed,self_harm_imagery,low,0.32,2026-07-24T19:36:00Z
C026,S-000480,calm_reflective,self_harm_language,moderate,0.53,2026-08-11T16:13:00Z
C026,S-000481,defensive,cyberbullying,moderate,0.61,2026-08-14T21:40:00Z
C027,S-000482,distressed,cyberbullying,low,0.4,2026-09-07T19:25:00Z
C027,S-000483,distressed,self_harm_language,high,0.87,2026-07-21T21:44:00Z
C027,S-000484,distressed,grooming_language,low,0.47,2026-08-01T15:36:00Z
C027,S-000485,distressed,self_harm_imagery,low,0.35,2026-09-20T19:38:00Z
C027,S-000486,calm_reflective,hate_speech,low,0.31,2026-09-09T15:25:00Z
C027,S-000487,distressed,cyberbullying,moderate,0.61,2026-08-23T17:01:00Z
C027,S-000488,distressed,unknown_flagged,high,0.96,2026-08-01T21:14:00Z
C027,S-000489,distressed,unknown_flagged,low,0.34,2026-09-11T19:41:00Z
C027,S-000490,distressed,self_harm_imagery,high,0.86,2026-09-20T21:33:00Z
C027,S-000491,withdrawn,explicit_visual,moderate,0.56,2026-09-09T16:49:00Z
C027,S-000492,distressed,unknown_flagged,high,0.86,2026-08-14T21:03:00Z
C027,S-000493,defensive,violence,low,0.43,2026-08-14T17:23:00Z
C027,S-000494,distressed,unknown_flagged,low,0.41,2026-09-20T19:28:00Z
C027,S-000495,distressed,violence,low,0.35,2026-08-09T21:57:00Z
C027,S-000496,calm_reflective,hate_speech,low,0.42,2026-08-09T21:36:00Z
C027,S-000497,distressed,explicit_visual,moderate,0.66,2026-08-23T20:26:00Z
C027,S-000498,distressed,cyberbullying,low,0.42,2026-08-11T19:51:00Z
C027,S-000499,distressed,grooming_language,high,0.91,2026-08-24T18:57:00Z
C027,S-000500,defensive,violence,low,0.3,2026-08-27T20:33:00Z
C027,S-000501,distressed,cyberbullying,high,0.89,2026-09-05T19:41:00Z
C027,S-000502,distressed,cyberbullying,low,0.35,2026-07-28T17:17:00Z
C027,S-000503,distressed,hate_speech,moderate,0.81,2026-08-27T16:09:00Z
C027,S-000504,distressed,explicit_visual,high,0.94,2026-09-09T20:20:00Z
C027,S-000505,distressed,explicit_visual,high,0.93,2026-08-22T18:25:00Z
C028,S-000506,withdrawn,unknown_flagged,low,0.47,2026-08-17T20:34:00Z
C028,S-000507,withdrawn,self_harm_imagery,moderate,0.6,2026-09-22T17:54:00Z
C028,S-000508,withdrawn,self_harm_imagery,moderate,0.82,2026-08-22T20:51:00Z
C028,S-000509,withdrawn,cyberbullying,high,0.91,2026-07-31T16:22:00Z
C028,S-000510,withdrawn,violence,high,0.92,2026-09-05T17:37:00Z
C028,S-000511,withdrawn,violence,high,0.97,2026-07-29T18:56:00Z
C028,S-000512,calm_reflective,hate_speech,low,0.37,2026-08-27T18:03:00Z
C028,S-000513,calm_reflective,violence,high,0.92,2026-09-16T16:20:00Z
C028,S-000514,withdrawn,unknown_flagged,moderate,0.59,2026-08-11T17:40:00Z
C028,S-000515,withdrawn,violence,moderate,0.54,2026-08-10T19:48:00Z
C028,S-000516,defensive,explicit_visual,moderate,0.68,2026-09-12T18:27:00Z
C028,S-000517,calm_reflective,explicit_visual,moderate,0.71,2026-07-21T17:48:00Z
C028,S-000518,withdrawn,cyberbullying,low,0.33,2026-09-02T17:08:00Z
C028,S-000519,defensive,grooming_language,high,0.91,2026-08-27T17:29:00Z
C028,S-000520,withdrawn,hate_speech,moderate,0.56,2026-08-06T17:57:00Z
C028,S-000521,withdrawn,self_harm_imagery,high,0.88,2026-09-09T15:14:00Z
C028,S-000522,withdrawn,explicit_visual,low,0.37,2026-09-22T16:07:00Z
C028,S-000523,withdrawn,explicit_visual,moderate,0.73,2026-09-26T19:03:00Z
C028,S-000524,withdrawn,unknown_flagged,moderate,0.63,2026-07-22T15:44:00Z
C028,S-000525,withdrawn,explicit_visual,moderate,0.6,2026-09-18T20:09:00Z
C028,S-000526,withdrawn,self_harm_imagery,moderate,0.64,2026-09-24T17:39:00Z
C028,S-000527,withdrawn,violence,high,0.96,2026-09-23T20:39:00Z
C028,S-000528,withdrawn,grooming_language,moderate,0.74,2026-08-14T21:16:00Z
C028,S-000529,distressed,unknown_flagged,low,0.36,2026-07-25T19:31:00Z
C028,S-000530,withdrawn,unknown_flagged,low,0.33,2026-07-31T15:53:00Z
C029,S-000531,calm_reflective,cyberbullying,low,0.35,2026-08-01T17:41:00Z
C029,S-000532,defensive,grooming_language,low,0.38,2026-08-11T21:02:00Z
C029,S-000533,calm_reflective,self_harm_imagery,low,0.36,2026-07-25T15:54:00Z
C029,S-000534,calm_reflective,grooming_language,high,0.88,2026-08-23T20:05:00Z
C029,S-000535,calm_reflective,unknown_flagged,moderate,0.77,2026-09-16T17:53:00Z
C029,S-000536,calm_reflective,explicit_visual,moderate,0.83,2026-08-10T15:08:00Z
C029,S-000537,calm_reflective,unknown_flagged,high,0.88,2026-08-02T18:58:00Z
C029,S-000538,withdrawn,self_harm_imagery,low,0.39,2026-09-03T19:01:00Z
C029,S-000539,calm_reflective,grooming_language,moderate,0.5,2026-09-10T18:02:00Z
C029,S-000540,calm_reflective,hate_speech,high,0.99,2026-09-25T21:47:00Z
C029,S-000541,calm_reflective,violence,moderate,0.65,2026-09-01T19:33:00Z
C029,S-000542,calm_reflective,self_harm_language,moderate,0.55,2026-09-19T17:42:00Z
C029,S-000543,defensive,unknown_flagged,high,0.97,2026-07-26T15:41:00Z
C029,S-000544,calm_reflective,grooming_language,high,0.99,2026-07-29T21:31:00Z
C029,S-000545,calm_reflective,hate_speech,low,0.31,2026-08-17T19:41:00Z
C029,S-000546,calm_reflective,grooming_language,moderate,0.54,2026-09-15T15:54:00Z
C029,S-000547,calm_reflective,explicit_visual,moderate,0.78,2026-07-22T15:25:00Z
C029,S-000548,calm_reflective,unknown_flagged,moderate,0.82,2026-08-27T19:35:00Z
C029,S-000549,calm_reflective,unknown_flagged,low,0.44,2026-07-26T21:14:00Z
C029,S-000550,calm_reflective,grooming_language,low,0.37,2026-09-15T15:06:00Z
C030,S-000551,defensive,self_harm_imagery,low,0.39,2026-09-24T17:44:00Z
C030,S-000552,defensive,hate_speech,high,0.87,2026-09-10T15:16:00Z
C030,S-000553,distressed,violence,high,0.96,2026-08-16T18:52:00Z
C030,S-000554,defensive,self_harm_imagery,low,0.48,2026-08-04T21:57:00Z
C030,S-000555,defensive,unknown_flagged,low,0.48,2026-07-26T19:59:00Z
C030,S-000556,defensive,self_harm_imagery,moderate,0.54,2026-08-11T20:37:00Z
C030,S-000557,defensive,hate_speech,moderate,0.59,2026-08-30T19:56:00Z
C030,S-000558,defensive,self_harm_language,high,0.93,2026-08-26T18:51:00Z
C030,S-000559,withdrawn,hate_speech,high,0.88,2026-09-23T17:53:00Z
C030,S-000560,calm_reflective,self_harm_imagery,moderate,0.67,2026-08-26T20:22:00Z
C030,S-000561,defensive,self_harm_language,moderate,0.73,2026-08-30T20:07:00Z
C030,S-000562,distressed,violence,high,0.85,2026-09-26T17:56:00Z
C030,S-000563,calm_reflective,cyberbullying,low,0.43,2026-07-27T16:17:00Z
C030,S-000564,defensive,explicit_visual,low,0.37,2026-07-27T20:50:00Z
C030,S-000565,defensive,hate_speech,moderate,0.67,2026-08-17T20:41:00Z
C030,S-000566,defensive,self_harm_language,moderate,0.63,2026-08-25T20:42:00Z
C030,S-000567,defensive,cyberbullying,high,0.88,2026-08-29T19:03:00Z
C030,S-000568,distressed,grooming_language,high,0.96,2026-09-14T21:14:00Z
C030,S-000569,calm_reflective,self_harm_imagery,moderate,0.83,2026-08-14T21:46:00Z
C030,S-000570,defensive,explicit_visual,low,0.38,2026-08-11T20:32:00Z
C030,S-000571,calm_reflective,unknown_flagged,moderate,0.74,2026-08-05T16:37:00Z
C030,S-000572,defensive,cyberbullying,low,0.39,2026-08-08T17:38:00Z
C030,S-000573,defensive,self_harm_imagery,moderate,0.68,2026-09-03T15:50:00Z
C030,S-000574,defensive,violence,moderate,0.62,2026-08-09T18:34:00Z
C031,S-000575,defensive,unknown_flagged,low,0.49,2026-09-04T17:13:00Z
C031,S-000576,withdrawn,hate_speech,high,0.98,2026-07-21T15:42:00Z
C031,S-000577,defensive,violence,moderate,0.63,2026-08-20T15:43:00Z
C031,S-000578,withdrawn,grooming_language,moderate,0.67,2026-08-25T15:58:00Z
C031,S-000579,calm_reflective,violence,moderate,0.82,2026-09-20T15:18:00Z
C031,S-000580,withdrawn,hate_speech,low,0.43,2026-09-26T19:00:00Z
C031,S-000581,withdrawn,self_harm_language,moderate,0.72,2026-09-12T21:06:00Z
C031,S-000582,calm_reflective,violence,high,0.86,2026-08-08T15:29:00Z
C031,S-000583,withdrawn,cyberbullying,moderate,0.64,2026-07-29T19:52:00Z
C031,S-000584,withdrawn,violence,moderate,0.68,2026-09-09T18:20:00Z
C031,S-000585,withdrawn,violence,moderate,0.62,2026-07-28T21:47:00Z
C031,S-000586,withdrawn,violence,moderate,0.6,2026-08-26T21:43:00Z
C031,S-000587,withdrawn,unknown_flagged,high,0.87,2026-09-06T18:52:00Z
C031,S-000588,calm_reflective,self_harm_imagery,low,0.36,2026-09-08T21:51:00Z
C031,S-000589,calm_reflective,explicit_visual,high,0.85,2026-09-05T15:35:00Z
C031,S-000590,withdrawn,grooming_language,moderate,0.57,2026-09-26T19:05:00Z
C031,S-000591,withdrawn,cyberbullying,high,0.88,2026-09-23T16:10:00Z
C031,S-000592,withdrawn,unknown_flagged,low,0.42,2026-07-26T21:48:00Z
C031,S-000593,withdrawn,unknown_flagged,low,0.48,2026-07-28T17:06:00Z
C031,S-000594,withdrawn,hate_speech,low,0.36,2026-08-19T15:18:00Z
C031,S-000595,withdrawn,grooming_language,moderate,0.77,2026-08-28T20:37:00Z
C031,S-000596,withdrawn,hate_speech,high,0.95,2026-08-10T15:20:00Z
C032,S-000597,defensive,unknown_flagged,high,0.91,2026-08-06T20:46:00Z
C032,S-000598,defensive,violence,low,0.46,2026-08-28T18:35:00Z
C032,S-000599,defensive,violence,high,0.95,2026-08-06T19:12:00Z
C032,S-000600,defensive,hate_speech,high,0.98,2026-09-22T20:01:00Z
C032,S-000601,defensive,self_harm_imagery,moderate,0.62,2026-09-27T19:30:00Z
C032,S-000602,defensive,violence,low,0.38,2026-08-26T16:29:00Z
C032,S-000603,distressed,self_harm_imagery,moderate,0.65,2026-08-19T21:51:00Z
C032,S-000604,defensive,grooming_language,low,0.31,2026-08-07T20:46:00Z
C032,S-000605,defensive,explicit_visual,moderate,0.73,2026-08-18T15:16:00Z
C032,S-000606,withdrawn,explicit_visual,moderate,0.83,2026-09-04T18:30:00Z
C032,S-000607,defensive,cyberbullying,low,0.41,2026-09-24T20:53:00Z
C032,S-000608,defensive,violence,moderate,0.68,2026-09-06T20:24:00Z
C032,S-000609,defensive,grooming_language,low,0.39,2026-08-17T19:25:00Z
C032,S-000610,defensive,self_harm_imagery,moderate,0.58,2026-07-20T19:56:00Z
C032,S-000611,defensive,grooming_language,moderate,0.7,2026-08-24T16:09:00Z
C032,S-000612,defensive,violence,high,0.92,2026-08-18T18:51:00Z
C033,S-000613,defensive,self_harm_imagery,moderate,0.55,2026-09-10T15:15:00Z
C033,S-000614,defensive,self_harm_imagery,moderate,0.68,2026-08-07T15:10:00Z
C033,S-000615,defensive,cyberbullying,moderate,0.82,2026-07-22T20:46:00Z
C033,S-000616,defensive,self_harm_language,low,0.41,2026-09-18T21:30:00Z
C033,S-000617,defensive,self_harm_imagery,moderate,0.75,2026-08-12T19:42:00Z
C033,S-000618,defensive,self_harm_language,low,0.37,2026-09-16T19:37:00Z
C033,S-000619,distressed,self_harm_imagery,low,0.42,2026-08-14T19:55:00Z
C033,S-000620,defensive,violence,low,0.32,2026-07-24T21:34:00Z
C033,S-000621,distressed,self_harm_language,moderate,0.68,2026-09-27T21:00:00Z
C033,S-000622,defensive,unknown_flagged,low,0.45,2026-07-25T20:33:00Z
C033,S-000623,defensive,hate_speech,low,0.47,2026-08-01T18:08:00Z
C033,S-000624,defensive,explicit_visual,low,0.41,2026-09-27T18:16:00Z
C033,S-000625,defensive,grooming_language,low,0.38,2026-07-20T18:41:00Z
C033,S-000626,defensive,self_harm_language,low,0.41,2026-09-12T20:37:00Z
C033,S-000627,defensive,unknown_flagged,moderate,0.56,2026-09-08T21:13:00Z
C034,S-000628,defensive,self_harm_imagery,low,0.46,2026-08-28T19:22:00Z
C034,S-000629,defensive,self_harm_imagery,moderate,0.53,2026-08-18T18:50:00Z
C034,S-000630,defensive,explicit_visual,moderate,0.55,2026-09-01T21:35:00Z
C034,S-000631,defensive,self_harm_language,high,0.86,2026-07-20T21:05:00Z
C034,S-000632,defensive,self_harm_language,low,0.48,2026-09-05T15:38:00Z
C034,S-000633,calm_reflective,self_harm_imagery,moderate,0.72,2026-09-24T17:45:00Z
C034,S-000634,defensive,hate_speech,moderate,0.51,2026-08-14T21:42:00Z
C034,S-000635,defensive,explicit_visual,moderate,0.62,2026-09-24T20:14:00Z
C034,S-000636,defensive,self_harm_language,moderate,0.64,2026-08-09T15:17:00Z
C034,S-000637,defensive,violence,low,0.4,2026-07-21T20:45:00Z
C034,S-000638,defensive,hate_speech,moderate,0.65,2026-09-02T17:52:00Z
C034,S-000639,defensive,violence,moderate,0.69,2026-07-20T17:11:00Z
C034,S-000640,defensive,cyberbullying,moderate,0.8,2026-09-01T15:51:00Z
C034,S-000641,defensive,hate_speech,high,0.96,2026-08-21T20:28:00Z
C034,S-000642,withdrawn,unknown_flagged,high,0.87,2026-09-16T20:29:00Z
C034,S-000643,defensive,grooming_language,low,0.38,2026-08-17T20:44:00Z
C034,S-000644,calm_reflective,violence,low,0.38,2026-09-26T15:44:00Z
C034,S-000645,defensive,grooming_language,moderate,0.57,2026-09-01T15:35:00Z
C034,S-000646,calm_reflective,hate_speech,moderate,0.58,2026-08-12T20:43:00Z
C035,S-000647,defensive,violence,low,0.32,2026-08-14T21:15:00Z
C035,S-000648,defensive,explicit_visual,low,0.46,2026-09-21T19:00:00Z
C035,S-000649,withdrawn,cyberbullying,low,0.39,2026-08-29T18:57:00Z
C035,S-000650,calm_reflective,self_harm_imagery,high,0.86,2026-09-23T17:25:00Z
C035,S-000651,calm_reflective,self_harm_language,moderate,0.79,2026-09-19T19:02:00Z
C035,S-000652,calm_reflective,grooming_language,moderate,0.73,2026-09-16T15:44:00Z
C035,S-000653,calm_reflective,grooming_language,low,0.42,2026-08-15T18:37:00Z
C035,S-000654,calm_reflective,grooming_language,low,0.37,2026-08-22T16:17:00Z
C035,S-000655,defensive,self_harm_language,moderate,0.6,2026-08-15T18:44:00Z
C035,S-000656,calm_reflective,violence,low,0.44,2026-08-05T19:43:00Z
C035,S-000657,calm_reflective,self_harm_imagery,high,0.92,2026-09-13T21:24:00Z
C035,S-000658,distressed,grooming_language,low,0.45,2026-09-11T18:08:00Z
C035,S-000659,calm_reflective,explicit_visual,low,0.34,2026-07-26T18:06:00Z
C035,S-000660,calm_reflective,grooming_language,low,0.37,2026-08-01T18:47:00Z
C035,S-000661,calm_reflective,grooming_language,moderate,0.79,2026-08-21T17:01:00Z
C035,S-000662,calm_reflective,self_harm_imagery,high,0.99,2026-08-14T19:36:00Z
C036,S-000663,calm_reflective,violence,moderate,0.63,2026-09-20T21:47:00Z
C036,S-000664,calm_reflective,grooming_language,low,0.38,2026-08-07T21:10:00Z
C036,S-000665,calm_reflective,self_harm_imagery,moderate,0.62,2026-09-09T21:58:00Z
C036,S-000666,calm_reflective,self_harm_language,low,0.35,2026-08-26T20:17:00Z
C036,S-000667,calm_reflective,unknown_flagged,moderate,0.64,2026-09-04T20:37:00Z
C036,S-000668,calm_reflective,cyberbullying,low,0.48,2026-07-22T16:46:00Z
C036,S-000669,calm_reflective,violence,moderate,0.52,2026-07-30T16:10:00Z
C036,S-000670,calm_reflective,violence,high,0.86,2026-07-26T15:49:00Z
C036,S-000671,calm_reflective,hate_speech,moderate,0.75,2026-07-30T20:59:00Z
C036,S-000672,calm_reflective,grooming_language,moderate,0.79,2026-08-05T16:33:00Z
C036,S-000673,calm_reflective,cyberbullying,low,0.4,2026-09-18T18:55:00Z
C036,S-000674,calm_reflective,self_harm_language,low,0.4,2026-09-27T16:37:00Z
C036,S-000675,calm_reflective,violence,moderate,0.65,2026-08-28T17:30:00Z
C036,S-000676,calm_reflective,self_harm_imagery,low,0.37,2026-08-22T16:19:00Z
C036,S-000677,calm_reflective,unknown_flagged,moderate,0.6,2026-07-21T20:59:00Z
C036,S-000678,defensive,hate_speech,moderate,0.64,2026-08-26T19:14:00Z
C036,S-000679,defensive,self_harm_language,moderate,0.58,2026-09-08T16:10:00Z
C037,S-000680,distressed,self_harm_language,low,0.34,2026-08-23T17:41:00Z
C037,S-000681,calm_reflective,unknown_flagged,low,0.35,2026-08-06T17:07:00Z
C037,S-000682,calm_reflective,explicit_visual,moderate,0.56,2026-08-13T17:01:00Z
C037,S-000683,calm_reflective,explicit_visual,low,0.34,2026-08-23T16:45:00Z
C037,S-000684,calm_reflective,unknown_flagged,low,0.49,2026-09-21T16:21:00Z
C037,S-000685,withdrawn,explicit_visual,moderate,0.59,2026-07-24T17:05:00Z
C037,S-000686,calm_reflective,cyberbullying,low,0.46,2026-09-27T18:11:00Z
C037,S-000687,calm_reflective,unknown_flagged,high,0.88,2026-08-04T21:45:00Z
C037,S-000688,defensive,hate_speech,high,0.92,2026-08-14T18:47:00Z
C037,S-000689,calm_reflective,explicit_visual,moderate,0.75,2026-08-28T17:10:00Z
C037,S-000690,calm_reflective,hate_speech,moderate,0.62,2026-08-04T17:30:00Z
C037,S-000691,calm_reflective,grooming_language,low,0.3,2026-08-16T15:15:00Z
C037,S-000692,calm_reflective,explicit_visual,moderate,0.7,2026-08-04T18:50:00Z
C037,S-000693,calm_reflective,self_harm_imagery,moderate,0.67,2026-08-08T17:49:00Z
C037,S-000694,calm_reflective,grooming_language,moderate,0.72,2026-09-01T21:40:00Z
C037,S-000695,calm_reflective,grooming_language,moderate,0.77,2026-08-02T16:31:00Z
C037,S-000696,calm_reflective,self_harm_imagery,moderate,0.59,2026-08-13T15:44:00Z
C037,S-000697,calm_reflective,unknown_flagged,low,0.34,2026-09-14T19:18:00Z
C037,S-000698,calm_reflective,self_harm_imagery,low,0.31,2026-09-02T17:46:00Z
C037,S-000699,calm_reflective,unknown_flagged,low,0.3,2026-08-26T21:16:00Z
C037,S-000700,defensive,grooming_language,moderate,0.76,2026-09-06T20:11:00Z
C037,S-000701,calm_reflective,unknown_flagged,low,0.45,2026-07-28T20:34:00Z
C038,S-000702,calm_reflective,violence,low,0.31,2026-08-30T15:06:00Z
C038,S-000703,calm_reflective,unknown_flagged,high,0.88,2026-08-11T21:02:00Z
C038,S-000704,calm_reflective,cyberbullying,low,0.31,2026-09-07T20:31:00Z
C038,S-000705,distressed,violence,low,0.39,2026-07-29T15:59:00Z
C038,S-000706,defensive,grooming_language,moderate,0.77,2026-09-04T19:47:00Z
C038,S-000707,distressed,violence,low,0.48,2026-08-23T19:02:00Z
C038,S-000708,calm_reflective,self_harm_language,high,0.88,2026-08-01T15:46:00Z
C038,S-000709,defensive,self_harm_language,moderate,0.75,2026-08-20T19:40:00Z
C038,S-000710,defensive,violence,moderate,0.56,2026-09-03T20:29:00Z
C038,S-000711,calm_reflective,unknown_flagged,low,0.48,2026-09-09T19:21:00Z
C038,S-000712,calm_reflective,self_harm_language,high,0.97,2026-08-30T21:23:00Z
C038,S-000713,calm_reflective,cyberbullying,low,0.37,2026-08-19T19:34:00Z
C038,S-000714,calm_reflective,cyberbullying,moderate,0.7,2026-09-08T15:46:00Z
C038,S-000715,calm_reflective,grooming_language,moderate,0.51,2026-08-27T15:19:00Z
C038,S-000716,calm_reflective,self_harm_imagery,high,0.86,2026-08-24T19:32:00Z
C038,S-000717,calm_reflective,hate_speech,moderate,0.58,2026-08-08T16:16:00Z
C039,S-000718,distressed,self_harm_imagery,moderate,0.67,2026-08-16T20:04:00Z
C039,S-000719,distressed,self_harm_language,high,0.86,2026-08-01T19:41:00Z
C039,S-000720,defensive,violence,low,0.47,2026-08-31T17:56:00Z
C039,S-000721,distressed,explicit_visual,low,0.36,2026-07-21T20:49:00Z
C039,S-000722,distressed,hate_speech,low,0.33,2026-09-27T19:09:00Z
C039,S-000723,distressed,violence,moderate,0.58,2026-09-08T18:48:00Z
C039,S-000724,distressed,unknown_flagged,low,0.41,2026-09-08T16:08:00Z
C039,S-000725,distressed,self_harm_language,low,0.45,2026-09-09T17:05:00Z
C039,S-000726,distressed,self_harm_language,low,0.42,2026-08-06T18:35:00Z
C039,S-000727,distressed,self_harm_language,low,0.36,2026-09-25T16:15:00Z
C039,S-000728,distressed,grooming_language,high,0.9,2026-07-31T15:42:00Z
C039,S-000729,distressed,grooming_language,low,0.42,2026-07-23T21:19:00Z
C039,S-000730,distressed,hate_speech,high,0.88,2026-09-14T19:09:00Z
C040,S-000731,defensive,self_harm_imagery,moderate,0.8,2026-07-30T15:47:00Z
C040,S-000732,calm_reflective,unknown_flagged,high,0.85,2026-07-21T17:44:00Z
C040,S-000733,defensive,cyberbullying,low,0.4,2026-09-26T16:13:00Z
C040,S-000734,defensive,self_harm_language,moderate,0.7,2026-08-07T20:44:00Z
C040,S-000735,defensive,hate_speech,moderate,0.77,2026-07-25T17:10:00Z
C040,S-000736,calm_reflective,cyberbullying,moderate,0.73,2026-07-26T18:41:00Z
C040,S-000737,defensive,self_harm_language,high,0.88,2026-09-04T21:06:00Z
C040,S-000738,defensive,self_harm_imagery,low,0.34,2026-08-01T17:31:00Z
C040,S-000739,calm_reflective,unknown_flagged,high,0.91,2026-07-22T15:15:00Z
C040,S-000740,defensive,cyberbullying,low,0.34,2026-09-02T20:22:00Z
C040,S-000741,defensive,cyberbullying,high,0.97,2026-09-22T17:51:00Z
C040,S-000742,defensive,grooming_language,high,0.98,2026-07-23T19:17:00Z
C040,S-000743,defensive,hate_speech,moderate,0.64,2026-07-31T20:24:00Z
C040,S-000744,defensive,unknown_flagged,moderate,0.68,2026-09-12T17:58:00Z
C040,S-000745,defensive,hate_speech,low,0.46,2026-08-06T19:34:00Z
C040,S-000746,withdrawn,self_harm_imagery,low,0.42,2026-09-25T16:27:00Z
C040,S-000747,defensive,violence,moderate,0.56,2026-08-09T17:04:00Z
C040,S-000748,withdrawn,self_harm_language,high,0.98,2026-08-07T20:01:00Z
C040,S-000749,defensive,self_harm_imagery,low,0.34,2026-08-24T16:49:00Z
C040,S-000750,defensive,hate_speech,moderate,0.58,2026-08-23T19:36:00Z
C040,S-000751,defensive,unknown_flagged,low,0.44,2026-07-30T20:49:00Z
C040,S-000752,defensive,hate_speech,low,0.34,2026-09-07T18:30:00Z
C040,S-000753,defensive,hate_speech,moderate,0.76,2026-07-21T17:26:00Z
C040,S-000754,defensive,grooming_language,low,0.46,2026-09-14T21:39:00Z
