session_id,child_id,archetype,intended_state,output_state,intended_risk,output_risk
S-000001,C001,distressed,distressed,distressed,moderate,moderate
S-000002,C001,defensive,defensive,defensive,low,low
S-000003,C001,defensive,defensive,defensive,moderate,moderate
S-000004,C001,defensive,defensive,distressed,low,low
S-000005,C001,defensive,defensive,defensive,moderate,moderate
S-000006,C001,defensive,defensive,defensive,high,high
S-000007,C001,calm_reflective,calm,calm,moderate,moderate
S-000008,C001,defensive,defensive,defensive,high,high
S-000009,C001,defensive,defensive,defensive,low,low
S-000010,C001,defensive,defensive,defensive,low,low
S-000011,C001,defensive,defensive,defensive,high,high
S-000012,C001,defensive,defensive,defensive,low,low
S-000013,C002,calm_reflective,calm,calm,moderate,moderate
S-000014,C002,calm_reflective,calm,calm,high,high
S-000015,C002,calm_reflective,calm,calm,low,low
S-000016,C002,withdrawn,unclear,unclear,moderate,moderate
S-000017,C002,calm_reflective,calm,calm,low,low
S-000018,C002,calm_reflective,calm,calm,moderate,moderate
S-000019,C002,calm_reflective,calm,calm,low,low
S-000020,C002,calm_reflective,calm,calm,moderate,moderate
S-000021,C002,calm_reflective,calm,distressed,low,low
S-000022,C002,calm_reflective,calm,calm,moderate,moderate
S-000023,C002,calm_reflective,calm,calm,low,low
S-000024,C002,calm_reflective,calm,calm,moderate,moderate
S-000025,C002,calm_reflective,calm,calm,moderate,moderate
S-000026,C002,calm_reflective,calm,calm,low,low
S-000027,C002,calm_reflective,calm,calm,high,high
S-000028,C002,calm_reflective,calm,unclear,low,low
S-000029,C002,calm_reflective,calm,calm,low,low
S-000030,C002,distressed,distressed,distressed,high,high
S-000031,C002,calm_reflective,calm,calm,low,low
S-000032,C002,calm_reflective,calm,unclear,high,high
S-000033,C002,calm_reflective,calm,calm,high,high
S-000034,C002,calm_reflective,calm,calm,high,high
S-000035,C002,calm_reflective,calm,distressed,moderate,moderate
S-000036,C003,defensive,defensive,defensive,low,low
S-000037,C003,defensive,defensive,defensive,moderate,moderate
S-000038,C003,defensive,defensive,defensive,high,high
S-000039,C003,defensive,defensive,defensive,moderate,moderate
S-000040,C003,withdrawn,unclear,calm,low,low
S-000041,C003,defensive,defensive,defensive,high,high
S-000042,C003,defensive,defensive,defensive,low,low
S-000043,C003,calm_reflective,calm,calm,moderate,moderate
S-000044,C003,defensive,defensive,defensive,low,low
S-000045,C003,defensive,defensive,defensive,low,low
S-000046,C003,defensive,defensive,defensive,low,low
S-000047,C003,defensive,defensive,defensive,low,low
S-000048,C003,distressed,distressed,distressed,moderate,moderate
S-000049,C003,defensive,defensive,defensive,high,high
S-000050,C003,defensive,defensive,defensive,moderate,moderate
S-000051,C003,defensive,defensive,defensive,moderate,moderate
S-000052,C003,defensive,defensive,defensive,high,high
S-000053,C003,calm_reflective,calm,calm,moderate,moderate
S-000054,C003,withdrawn,unclear,unclear,low,low
S-000055,C003,defensive,defensive,defensive,low,low
S-000056,C003,defensive,defensive,defensive,moderate,moderate
S-000057,C003,defensive,defensive,defensive,high,high
S-000058,C003,calm_reflective,calm,calm,low,low
S-000059,C004,calm_reflective,calm,calm,moderate,moderate
S-000060,C004,calm_reflective,calm,calm,moderate,moderate
S-000061,C004,calm_reflective,calm,calm,low,low
S-000062,C004,calm_reflective,calm,distressed,high,high
S-000063,C004,calm_reflective,calm,calm,moderate,moderate
S-000064,C004,calm_reflective,calm,distressed,moderate,moderate
S-000065,C004,calm_reflective,calm,calm,high,high
S-000066,C004,defensive,defensive,defensive,low,low
S-000067,C004,calm_reflective,calm,unclear,low,low
S-000068,C004,calm_reflective,calm,calm,high,high
S-000069,C004,distressed,distressed,distressed,low,low
S-000070,C004,defensive,defensive,defensive,high,high
S-000071,C004,calm_reflective,calm,calm,moderate,moderate
S-000072,C004,calm_reflective,calm,calm,low,low
S-000073,C004,calm_reflective,calm,calm,moderate,moderate
S-000074,C004,calm_reflective,calm,calm,low,low
S-000075,C004,defensive,defensive,defensive,moderate,moderate
S-000076,C004,defensive,defensive,defensive,low,low
S-000077,C004,calm_reflective,calm,distressed,low,low
S-000078,C004,calm_reflective,calm,calm,high,high
S-000079,C004,calm_reflective,calm,calm,moderate,moderate
S-000080,C004,calm_reflective,calm,calm,low,low
S-000081,C004,calm_reflective,calm,unclear,high,high
S-000082,C004,calm_reflective,calm,calm,low,low
S-000083,C005,withdrawn,unclear,unclear,high,high
S-000084,C005,withdrawn,unclear,unclear,low,low
S-000085,C005,withdrawn,unclear,unclear,low,low
S-000086,C005,withdrawn,unclear,unclear,high,high
S-000087,C005,calm_reflective,calm,calm,moderate,moderate
S-000088,C005,withdrawn,unclear,unclear,low,low
S-000089,C005,withdrawn,unclear,defensive,high,high
S-000090,C005,defensive,defensive,defensive,high,high
S-000091,C005,withdrawn,unclear,unclear,high,high
S-000092,C005,calm_reflective,calm,calm,moderate,moderate
S-000093,C005,defensive,defensive,defensive,low,low
S-000094,C005,withdrawn,unclear,unclear,moderate,moderate
S-000095,C005,withdrawn,unclear,unclear,moderate,moderate
S-000096,C005,withdrawn,unclear,unclear,moderate,moderate
S-000097,C005,withdrawn,unclear,unclear,moderate,moderate
S-000098,C006,distressed,distressed,distressed,moderate,moderate
S-000099,C006,distressed,distressed,distressed,high,high
S-000100,C006,distressed,distressed,distressed,low,low
S-000101,C006,distressed,distressed,distressed,moderate,moderate
S-000102,C006,distressed,distressed,distressed,low,low
S-000103,C006,withdrawn,unclear,unclear,low,low
S-000104,C006,calm_reflective,calm,calm,low,low
S-000105,C006,distressed,distressed,distressed,moderate,moderate
S-000106,C006,distressed,distressed,distressed,low,low
S-000107,C006,distressed,distressed,distressed,low,low
S-000108,C006,distressed,distressed,distressed,low,low
S-000109,C006,distressed,distressed,distressed,moderate,moderate
S-000110,C006,defensive,defensive,defensive,high,high
S-000111,C006,defensive,defensive,defensive,moderate,moderate
S-000112,C006,distressed,distressed,distressed,moderate,moderate
S-000113,C006,defensive,defensive,defensive,high,high
S-000114,C006,distressed,distressed,distressed,moderate,moderate
S-000115,C006,distressed,distressed,distressed,moderate,moderate
S-000116,C006,defensive,defensive,defensive,moderate,moderate
S-000117,C006,distressed,distressed,distressed,low,low
S-000118,C006,distressed,distressed,distressed,moderate,moderate
S-000119,C006,distressed,distressed,distressed,moderate,moderate
S-000120,C006,distressed,distressed,distressed,moderate,moderate
S-000121,C006,distressed,distressed,distressed,low,low
S-000122,C007,calm_reflective,calm,calm,low,low
S-000123,C007,defensive,defensive,defensive,low,low
S-000124,C007,calm_reflective,calm,calm,low,low
S-000125,C007,calm_reflective,calm,calm,low,low
S-000126,C007,withdrawn,unclear,unclear,moderate,moderate
S-000127,C007,distressed,distressed,distressed,low,low
S-000128,C007,calm_reflective,calm,calm,moderate,moderate
S-000129,C007,calm_reflective,calm,distressed,high,high
S-000130,C007,calm_reflective,calm,distressed,moderate,moderate
S-000131,C007,calm_reflective,calm,calm,high,high
S-000132,C007,calm_reflective,calm,calm,low,low
S-000133,C007,calm_reflective,calm,calm,moderate,moderate
S-000134,C007,calm_reflective,calm,calm,moderate,moderate
S-000135,C007,calm_reflective,calm,calm,low,low
S-000136,C007,calm_reflective,calm,calm,low,low
S-000137,C007,defensive,defensive,defensive,low,low
S-000138,C007,calm_reflective,calm,distressed,low,low
S-000139,C007,calm_reflective,calm,distressed,moderate,moderate
S-000140,C007,calm_reflective,calm,calm,moderate,moderate
S-000141,C007,calm_reflective,calm,calm,high,high
S-000142,C007,calm_reflective,calm,calm,low,low
S-000143,C007,defensive,defensive,defensive,moderate,moderate
S-000144,C007,calm_reflective,calm,calm,low,low
S-000145,C007,calm_reflective,calm,calm,moderate,moderate
S-000146,C007,defensive,defensive,defensive,high,high
S-000147,C008,withdrawn,unclear,distressed,moderate,moderate
S-000148,C008,calm_reflective,calm,calm,high,high
S-000149,C008,withdrawn,unclear,distressed,moderate,moderate
S-000150,C008,calm_reflective,calm,unclear,moderate,moderate
S-000151,C008,calm_reflective,calm,calm,low,low
S-000152,C008,calm_reflective,calm,calm,moderate,moderate
S-000153,C008,calm_reflective,calm,calm,moderate,moderate
S-000154,C008,calm_reflective,calm,calm,high,high
S-000155,C008,calm_reflective,calm,calm,high,high
S-000156,C008,calm_reflective,calm,calm,low,low
S-000157,C008,calm_reflective,calm,calm,moderate,moderate
S-000158,C008,calm_reflective,calm,calm,low,low
S-000159,C008,defensive,defensive,defensive,moderate,moderate
S-000160,C009,withdrawn,unclear,unclear,low,low
S-000161,C009,withdrawn,unclear,unclear,moderate,moderate
S-000162,C009,withdrawn,unclear,unclear,moderate,moderate
S-000163,C009,withdrawn,unclear,unclear,high,high
S-000164,C009,withdrawn,unclear,unclear,moderate,moderate
S-000165,C009,withdrawn,unclear,unclear,low,low
S-000166,C009,withdrawn,unclear,unclear,moderate,moderate
S-000167,C009,defensive,defensive,defensive,low,low
S-000168,C009,withdrawn,unclear,unclear,moderate,moderate
S-000169,C009,calm_reflective,calm,calm,moderate,moderate
S-000170,C009,withdrawn,unclear,unclear,low,low
S-000171,C009,withdrawn,unclear,unclear,moderate,moderate
S-000172,C009,withdrawn,unclear,unclear,moderate,moderate
S-000173,C009,withdrawn,unclear,unclear,moderate,moderate
S-000174,C010,withdrawn,unclear,distressed,moderate,moderate
S-000175,C010,withdrawn,unclear,distressed,low,low
S-000176,C010,calm_reflective,calm,calm,moderate,moderate
S-000177,C010,distressed,distressed,distressed,moderate,moderate
S-000178,C010,withdrawn,unclear,unclear,low,low
S-000179,C010,withdrawn,unclear,unclear,moderate,moderate
S-000180,C010,withdrawn,unclear,distressed,low,low
S-000181,C010,distressed,distressed,distressed,moderate,moderate
S-000182,C010,withdrawn,unclear,unclear,low,low
S-000183,C010,calm_reflective,calm,calm,low,low
S-000184,C010,withdrawn,unclear,unclear,low,low
S-000185,C010,defensive,defensive,defensive,moderate,moderate
S-000186,C010,withdrawn,unclear,unclear,high,high
S-000187,C010,calm_reflective,calm,calm,low,low
S-000188,C010,defensive,defensive,defensive,low,low
S-000189,C010,withdrawn,unclear,unclear,low,low
S-000190,C010,withdrawn,unclear,unclear,moderate,moderate
S-000191,C010,withdrawn,unclear,unclear,high,high
S-000192,C010,withdrawn,unclear,unclear,moderate,moderate
S-000193,C010,withdrawn,unclear,unclear,low,low
S-000194,C010,withdrawn,unclear,unclear,high,high
S-000195,C010,distressed,distressed,distressed,high,high
S-000196,C010,distressed,distressed,distressed,moderate,moderate
S-000197,C010,defensive,defensive,calm,low,low
S-000198,C010,withdrawn,unclear,unclear,high,high
S-000199,C011,distressed,distressed,distressed,low,low
S-000200,C011,distressed,distressed,distressed,moderate,moderate
S-000201,C011,defensive,defensive,defensive,moderate,moderate
S-000202,C011,defensive,defensive,defensive,moderate,moderate
S-000203,C011,defensive,defensive,defensive,low,low
S-000204,C011,defensive,defensive,defensive,low,low
S-000205,C011,defensive,defensive,defensive,high,high
S-000206,C011,defensive,defensive,defensive,moderate,moderate
S-000207,C011,distressed,distressed,distressed,low,low
S-000208,C011,defensive,defensive,defensive,low,low
S-000209,C011,defensive,defensive,defensive,low,low
S-000210,C011,defensive,defensive,defensive,high,high
S-000211,C011,defensive,defensive,defensive,moderate,moderate
S-000212,C012,distressed,distressed,distressed,moderate,moderate
S-000213,C012,distressed,distressed,distressed,high,high
S-000214,C012,distressed,distressed,distressed,high,high
S-000215,C012,distressed,distressed,distressed,moderate,moderate
S-000216,C012,distressed,distressed,calm,low,low
S-000217,C012,distressed,distressed,distressed,low,low
S-000218,C012,distressed,distressed,distressed,low,low
S-000219,C012,distressed,distressed,distressed,high,high
S-000220,C012,distressed,distressed,distressed,low,low
S-000221,C012,defensive,defensive,defensive,moderate,moderate
S-000222,C012,defensive,defensive,defensive,moderate,moderate
S-000223,C012,calm_reflective,calm,calm,moderate,moderate
S-000224,C012,distressed,distressed,distressed,low,low
S-000225,C012,calm_reflective,calm,calm,high,high
S-000226,C012,distressed,distressed,distressed,low,low
S-000227,C012,distressed,distressed,distressed,moderate,moderate
S-000228,C013,distressed,distressed,distressed,moderate,moderate
S-000229,C013,distressed,distressed,distressed,high,high
S-000230,C013,calm_reflective,calm,distressed,moderate,moderate
S-000231,C013,distressed,distressed,distressed,low,low
S-000232,C013,distressed,distressed,distressed,moderate,moderate
S-000233,C013,distressed,distressed,distressed,moderate,moderate
S-000234,C013,distressed,distressed,calm,moderate,moderate
S-000235,C013,calm_reflective,calm,calm,low,low
S-000236,C013,distressed,distressed,distressed,high,high
S-000237,C013,distressed,distressed,distressed,low,low
S-000238,C013,distressed,distressed,distressed,low,low
S-000239,C013,distressed,distressed,calm,moderate,moderate
S-000240,C013,distressed,distressed,distressed,high,high
S-000241,C013,distressed,distressed,distressed,moderate,moderate
S-000242,C013,distressed,distressed,distressed,high,high
S-000243,C013,distressed,distressed,distressed,moderate,moderate
S-000244,C013,distressed,distressed,distressed,high,high
S-000245,C013,distressed,distressed,distressed,moderate,moderate
S-000246,C013,distressed,distressed,distressed,low,low
S-000247,C013,distressed,distressed,distressed,high,high
S-000248,C013,distressed,distressed,distressed,moderate,moderate
S-000249,C013,distressed,distressed,distressed,high,high
S-000250,C013,distressed,distressed,distressed,low,low
S-000251,C013,distressed,distressed,distressed,moderate,moderate
S-000252,C013,defensive,defensive,defensive,high,high
S-000253,C014,distressed,distressed,distressed,moderate,moderate
S-000254,C014,defensive,defensive,defensive,moderate,moderate
S-000255,C014,defensive,defensive,defensive,low,low
S-000256,C014,defensive,defensive,defensive,low,low
S-000257,C014,defensive,defensive,calm,low,low
S-000258,C014,defensive,defensive,defensive,high,high
S-000259,C014,defensive,defensive,defensive,low,low
S-000260,C014,defensive,defensive,defensive,low,low
S-000261,C014,distressed,distressed,distressed,low,low
S-000262,C014,defensive,defensive,defensive,moderate,moderate
S-000263,C014,defensive,defensive,defensive,moderate,moderate
S-000264,C014,defensive,defensive,defensive,low,low
S-000265,C014,defensive,defensive,defensive,low,low
S-000266,C014,defensive,defensive,defensive,low,low
S-000267,C014,calm_reflective,calm,calm,moderate,moderate
S-000268,C014,defensive,defensive,defensive,moderate,moderate
S-000269,C015,distressed,distressed,distressed,moderate,moderate
S-000270,C015,distressed,distressed,distressed,moderate,moderate
S-000271,C015,distressed,distressed,distressed,moderate,moderate
S-000272,C015,distressed,distressed,distressed,moderate,moderate
S-000273,C015,distressed,distressed,distressed,moderate,moderate
S-000274,C015,distressed,distressed,distressed,moderate,moderate
S-000275,C015,distressed,distressed,distressed,moderate,moderate
S-000276,C015,distressed,distressed,distressed,low,low
S-000277,C015,distressed,distressed,distressed,low,low
S-000278,C015,distressed,distressed,distressed,low,low
S-000279,C015,distressed,distressed,distressed,moderate,moderate
S-000280,C015,distressed,distressed,distressed,high,high
S-000281,C015,calm_reflective,calm,calm,moderate,moderate
S-000282,C015,calm_reflective,calm,calm,moderate,moderate
S-000283,C015,distressed,distressed,distressed,high,high
S-000284,C015,distressed,distressed,distressed,moderate,moderate
S-000285,C015,distressed,distressed,distressed,low,low
S-000286,C015,distressed,distressed,distressed,moderate,moderate
S-000287,C016,calm_reflective,calm,calm,high,high
S-000288,C016,calm_reflective,calm,calm,high,high
S-000289,C016,calm_reflective,calm,calm,low,low
S-000290,C016,calm_reflective,calm,calm,high,high
S-000291,C016,calm_reflective,calm,distressed,low,low
S-000292,C016,calm_reflective,calm,calm,moderate,moderate
S-000293,C016,calm_reflective,calm,calm,low,low
S-000294,C016,calm_reflective,calm,distressed,moderate,moderate
S-000295,C016,calm_reflective,calm,calm,moderate,moderate
S-000296,C016,calm_reflective,calm,calm,high,high
S-000297,C016,calm_reflective,calm,calm,moderate,moderate
S-000298,C016,calm_reflective,calm,calm,high,high
S-000299,C016,calm_reflective,calm,defensive,moderate,moderate
S-000300,C016,calm_reflective,calm,calm,moderate,moderate
S-000301,C016,distressed,distressed,distressed,low,low
S-000302,C016,calm_reflective,calm,calm,low,low
S-000303,C016,defensive,defensive,defensive,moderate,moderate
S-000304,C016,defensive,defensive,defensive,high,high
S-000305,C016,calm_reflective,calm,calm,low,low
S-000306,C017,distressed,distressed,distressed,moderate,moderate
S-000307,C017,distressed,distressed,distressed,low,low
S-000308,C017,distressed,distressed,distressed,moderate,moderate
S-000309,C017,distressed,distressed,distressed,moderate,moderate
S-000310,C017,calm_reflective,calm,calm,low,low
S-000311,C017,withdrawn,unclear,distressed,moderate,moderate
S-000312,C017,distressed,distressed,distressed,low,low
S-000313,C017,distressed,distressed,distressed,low,low
S-000314,C017,distressed,distressed,distressed,low,low
S-000315,C017,distressed,distressed,distressed,moderate,moderate
S-000316,C017,distressed,distressed,distressed,low,low
S-000317,C017,calm_reflective,calm,calm,high,high
S-000318,C017,distressed,distressed,distressed,moderate,moderate
S-000319,C017,distressed,distressed,distressed,high,high
S-000320,C017,distressed,distressed,distressed,low,low
S-000321,C017,distressed,distressed,distressed,low,low
S-000322,C018,defensive,defensive,defensive,moderate,moderate
S-000323,C018,defensive,defensive,defensive,moderate,moderate
S-000324,C018,defensive,defensive,defensive,low,low
S-000325,C018,defensive,defensive,defensive,high,high
S-000326,C018,defensive,defensive,defensive,moderate,moderate
S-000327,C018,calm_reflective,calm,unclear,moderate,moderate
S-000328,C018,defensive,defensive,defensive,moderate,moderate
S-000329,C018,defensive,defensive,defensive,low,low
S-000330,C018,defensive,defensive,unclear,low,low
S-000331,C018,defensive,defensive,defensive,low,low
S-000332,C018,defensive,defensive,defensive,low,low
S-000333,C018,defensive,defensive,defensive,low,low
S-000334,C018,defensive,defensive,calm,low,low
S-000335,C018,withdrawn,unclear,unclear,high,high
S-000336,C018,distressed,distressed,distressed,high,high
S-000337,C018,calm_reflective,calm,calm,moderate,moderate
S-000338,C018,defensive,defensive,defensive,moderate,moderate
S-000339,C018,calm_reflective,calm,calm,high,high
S-000340,C018,defensive,defensive,defensive,high,high
S-000341,C019,distressed,distressed,distressed,low,low
S-000342,C019,distressed,distressed,distressed,low,low
S-000343,C019,distressed,distressed,distressed,moderate,moderate
S-000344,C019,distressed,distressed,distressed,moderate,moderate
S-000345,C019,distressed,distressed,distressed,high,high
S-000346,C019,distressed,distressed,distressed,moderate,moderate
S-000347,C019,distressed,distressed,distressed,moderate,moderate
S-000348,C019,distressed,distressed,distressed,low,low
S-000349,C019,distressed,distressed,distressed,low,low
S-000350,C019,distressed,distressed,distressed,low,low
S-000351,C019,distressed,distressed,distressed,low,low
S-000352,C019,distressed,distressed,distressed,moderate,moderate
S-000353,C019,distressed,distressed,distressed,moderate,moderate
S-000354,C019,distressed,distressed,distressed,low,low
S-000355,C019,distressed,distressed,distressed,moderate,moderate
S-000356,C019,distressed,distressed,distressed,moderate,moderate
S-000357,C019,distressed,distressed,distressed,low,low
S-000358,C019,distressed,distressed,distressed,moderate,moderate
S-000359,C019,defensive,defensive,defensive,moderate,moderate
S-000360,C019,distressed,distressed,distressed,low,low
S-000361,C019,distressed,distressed,distressed,low,low
S-000362,C020,defensive,defensive,unclear,moderate,moderate
S-000363,C020,calm_reflective,calm,calm,low,low
S-000364,C020,defensive,defensive,defensive,low,low
S-000365,C020,defensive,defensive,calm,moderate,moderate
S-000366,C020,defensive,defensive,defensive,low,low
S-000367,C020,calm_reflective,calm,calm,moderate,moderate
S-000368,C020,withdrawn,unclear,unclear,low,low
S-000369,C020,distressed,distressed,distressed,low,low
S-000370,C020,defensive,defensive,defensive,moderate,moderate
S-000371,C020,defensive,defensive,defensive,moderate,moderate
S-000372,C020,defensive,defensive,defensive,moderate,moderate
S-000373,C020,defensive,defensive,defensive,moderate,moderate
S-000374,C020,defensive,defensive,defensive,low,low
S-000375,C020,defensive,defensive,defensive,low,low
S-000376,C020,defensive,defensive,defensive,moderate,moderate
S-000377,C020,defensive,defensive,defensive,moderate,moderate
S-000378,C020,defensive,defensive,calm,moderate,moderate
S-000379,C020,defensive,defensive,distressed,low,low
S-000380,C020,defensive,defensive,defensive,moderate,moderate
S-000381,C020,distressed,distressed,distressed,moderate,moderate
S-000382,C020,defensive,defensive,defensive,high,high
S-000383,C021,distressed,distressed,distressed,low,low
S-000384,C021,withdrawn,unclear,distressed,moderate,moderate
S-000385,C021,defensive,defensive,defensive,low,low
S-000386,C021,withdrawn,unclear,unclear,low,low
S-000387,C021,calm_reflective,calm,calm,moderate,moderate
S-000388,C021,withdrawn,unclear,unclear,moderate,moderate
S-000389,C021,withdrawn,unclear,unclear,moderate,moderate
S-000390,C021,withdrawn,unclear,unclear,moderate,moderate
S-000391,C021,withdrawn,unclear,unclear,high,high
S-000392,C021,defensive,defensive,defensive,moderate,moderate
S-000393,C021,withdrawn,unclear,distressed,low,low
S-000394,C021,defensive,defensive,defensive,moderate,moderate
S-000395,C021,withdrawn,unclear,distressed,low,low
S-000396,C021,withdrawn,unclear,distressed,low,low
S-000397,C021,withdrawn,unclear,unclear,high,high
S-000398,C021,withdrawn,unclear,distressed,low,low
S-000399,C021,withdrawn,unclear,unclear,moderate,moderate
S-000400,C021,withdrawn,unclear,unclear,moderate,moderate
S-000401,C021,withdrawn,unclear,distressed,low,low
S-000402,C022,distressed,distressed,distressed,moderate,moderate
S-000403,C022,distressed,distressed,distressed,moderate,moderate
S-000404,C022,distressed,distressed,distressed,low,low
S-000405,C022,distressed,distressed,distressed,low,low
S-000406,C022,distressed,distressed,distressed,moderate,moderate
S-000407,C022,calm_reflective,calm,calm,low,low
S-000408,C022,withdrawn,unclear,unclear,moderate,moderate
S-000409,C022,distressed,distressed,distressed,high,high
S-000410,C022,distressed,distressed,distressed,moderate,moderate
S-000411,C022,distressed,distressed,distressed,low,low
S-000412,C022,distressed,distressed,distressed,moderate,moderate
S-000413,C022,distressed,distressed,distressed,moderate,moderate
S-000414,C022,distressed,distressed,distressed,moderate,moderate
S-000415,C022,distressed,distressed,distressed,low,low
S-000416,C023,calm_reflective,calm,calm,low,low
S-000417,C023,distressed,distressed,distressed,moderate,moderate
S-000418,C023,distressed,distressed,distressed,low,low
S-000419,C023,distressed,distressed,distressed,high,high
S-000420,C023,withdrawn,unclear,unclear,moderate,moderate
S-000421,C023,distressed,distressed,distressed,moderate,moderate
S-000422,C023,calm_reflective,calm,calm,low,low
S-000423,C023,distressed,distressed,distressed,low,low
S-000424,C023,withdrawn,unclear,unclear,moderate,moderate
S-000425,C023,distressed,distressed,distressed,moderate,moderate
S-000426,C023,distressed,distressed,distressed,low,low
S-000427,C023,distressed,distressed,distressed,moderate,moderate
S-000428,C023,distressed,distressed,distressed,high,high
S-000429,C023,calm_reflective,calm,calm,low,low
S-000430,C023,distressed,distressed,distressed,high,high
S-000431,C023,distressed,distressed,distressed,moderate,moderate
S-000432,C023,distressed,distressed,distressed,moderate,moderate
S-000433,C023,distressed,distressed,distressed,low,low
S-000434,C023,distressed,distressed,distressed,moderate,moderate
S-000435,C023,distressed,distressed,distressed,moderate,moderate
S-000436,C023,distressed,distressed,distressed,low,low
S-000437,C023,distressed,distressed,distressed,low,low
S-000438,C023,distressed,distressed,unclear,high,high
S-000439,C024,defensive,defensive,defensive,low,low
S-000440,C024,calm_reflective,calm,calm,low,low
S-000441,C024,calm_reflective,calm,distressed,high,high
S-000442,C024,calm_reflective,calm,calm,low,low
S-000443,C024,calm_reflective,calm,calm,high,high
S-000444,C024,calm_reflective,calm,unclear,low,low
S-000445,C024,calm_reflective,calm,calm,low,low
S-000446,C024,calm_reflective,calm,calm,moderate,moderate
S-000447,C024,defensive,defensive,defensive,moderate,moderate
S-000448,C024,calm_reflective,calm,calm,moderate,moderate
S-000449,C024,calm_reflective,calm,calm,low,low
S-000450,C024,calm_reflective,calm,calm,high,high
S-000451,C024,withdrawn,unclear,unclear,low,low
S-000452,C024,distressed,distressed,distressed,high,high
S-000453,C024,defensive,defensive,unclear,low,low
S-000454,C024,calm_reflective,calm,calm,low,low
S-000455,C025,calm_reflective,calm,distressed,low,low
S-000456,C025,calm_reflective,calm,unclear,low,low
S-000457,C025,distressed,distressed,distressed,high,high
S-000458,C025,withdrawn,unclear,unclear,low,low
S-000459,C025,calm_reflective,calm,calm,high,high
S-000460,C025,withdrawn,unclear,distressed,moderate,moderate
S-000461,C025,calm_reflective,calm,calm,moderate,moderate
S-000462,C025,calm_reflective,calm,calm,low,low
S-000463,C025,calm_reflective,calm,calm,high,high
S-000464,C025,calm_reflective,calm,calm,low,low
S-000465,C025,withdrawn,unclear,unclear,low,low
S-000466,C025,calm_reflective,calm,calm,low,low
S-000467,C025,calm_reflective,calm,distressed,low,low
S-000468,C025,calm_reflective,calm,calm,low,low
S-000469,C025,calm_reflective,calm,calm,high,high
S-000470,C026,defensive,defensive,defensive,low,low
S-000471,C026,defensive,defensive,defensive,low,low
S-000472,C026,defensive,defensive,defensive,low,low
S-000473,C026,defensive,defensive,defensive,low,low
S-000474,C026,defensive,defensive,calm,low,low
S-000475,C026,defensive,defensive,defensive,high,high
S-000476,C026,defensive,defensive,defensive,low,low
S-000477,C026,defensive,defensive,calm,low,low
S-000478,C026,defensive,defensive,defensive,high,high
S-000479,C026,distressed,distressed,distressed,low,low
S-000480,C026,calm_reflective,calm,distressed,moderate,moderate
S-000481,C026,defensive,defensive,defensive,moderate,moderate
S-000482,C027,distressed,distressed,distressed,low,low
S-000483,C027,distressed,distressed,distressed,high,high
S-000484,C027,distressed,distressed,distressed,low,low
S-000485,C027,distressed,distressed,distressed,low,low
S-000486,C027,calm_reflective,calm,calm,low,low
S-000487,C027,distressed,distressed,distressed,moderate,moderate
S-000488,C027,distressed,distressed,distressed,high,high
S-000489,C027,distressed,distressed,distressed,low,low
S-000490,C027,distressed,distressed,distressed,high,high
S-000491,C027,withdrawn,unclear,unclear,moderate,moderate
S-000492,C027,distressed,distressed,distressed,high,high
S-000493,C027,defensive,defensive,defensive,low,low
S-000494,C027,distressed,distressed,distressed,low,low
S-000495,C027,distressed,distressed,distressed,low,low
S-000496,C027,calm_reflective,calm,calm,low,low
S-000497,C027,distressed,distressed,distressed,moderate,moderate
S-000498,C027,distressed,distressed,distressed,low,low
S-000499,C027,distressed,distressed,distressed,high,high
S-000500,C027,defensive,defensive,defensive,low,low
S-000501,C027,distressed,distressed,distressed,high,high
S-000502,C027,distressed,distressed,distressed,low,low
S-000503,C027,distressed,distressed,distressed,moderate,moderate
S-000504,C027,distressed,distressed,distressed,high,high
S-000505,C027,distressed,distressed,distressed,high,high
S-000506,C028,withdrawn,unclear,unclear,low,low
S-000507,C028,withdrawn,unclear,distressed,moderate,moderate
S-000508,C028,withdrawn,unclear,distressed,moderate,moderate
S-000509,C028,withdrawn,unclear,unclear,high,high
S-000510,C028,withdrawn,unclear,unclear,high,high
S-000511,C028,withdrawn,unclear,unclear,high,high
S-000512,C028,calm_reflective,calm,calm,low,low
S-000513,C028,calm_reflective,calm,calm,high,high
S-000514,C028,withdrawn,unclear,unclear,moderate,moderate
S-000515,C028,withdrawn,unclear,distressed,moderate,moderate
S-000516,C028,defensive,defensive,defensive,moderate,moderate
S-000517,C028,calm_reflective,calm,calm,moderate,moderate
S-000518,C028,withdrawn,unclear,defensive,low,low
S-000519,C028,defensive,defensive,defensive,high,high
S-000520,C028,withdrawn,unclear,distressed,moderate,moderate
S-000521,C028,withdrawn,unclear,calm,high,high
S-000522,C028,withdrawn,unclear,unclear,low,low
S-000523,C028,withdrawn,unclear,unclear,moderate,moderate
S-000524,C028,withdrawn,unclear,unclear,moderate,moderate
S-000525,C028,withdrawn,unclear,unclear,moderate,moderate
S-000526,C028,withdrawn,unclear,calm,moderate,moderate
S-000527,C028,withdrawn,unclear,unclear,high,high
S-000528,C028,withdrawn,unclear,unclear,moderate,moderate
S-000529,C028,distressed,distressed,distressed,low,low
S-000530,C028,withdrawn,unclear,unclear,low,low
S-000531,C029,calm_reflective,calm,calm,low,low
S-000532,C029,defensive,defensive,defensive,low,low
S-000533,C029,calm_reflective,calm,distressed,low,low
S-000534,C029,calm_reflective,calm,calm,high,high
S-000535,C029,calm_reflective,calm,calm,moderate,moderate
S-000536,C029,calm_reflective,calm,calm,moderate,moderate
S-000537,C029,calm_reflective,calm,calm,high,high
S-000538,C029,withdrawn,unclear,distressed,low,low
S-000539,C029,calm_reflective,calm,calm,moderate,moderate
S-000540,C029,calm_reflective,calm,calm,high,high
S-000541,C029,calm_reflective,calm,calm,moderate,moderate
S-000542,C029,calm_reflective,calm,calm,moderate,moderate
S-000543,C029,defensive,defensive,defensive,high,high
S-000544,C029,calm_reflective,calm,calm,high,high
S-000545,C029,calm_reflective,calm,distressed,low,low
S-000546,C029,calm_reflective,calm,calm,moderate,moderate
S-000547,C029,calm_reflective,calm,calm,moderate,moderate
S-000548,C029,calm_reflective,calm,calm,moderate,moderate
S-000549,C029,calm_reflective,calm,calm,low,low
S-000550,C029,calm_reflective,calm,calm,low,low
S-000551,C030,defensive,defensive,calm,low,low
S-000552,C030,defensive,defensive,defensive,high,high
S-000553,C030,distressed,distressed,distressed,high,high
S-000554,C030,defensive,defensive,defensive,low,low
S-000555,C030,defensive,defensive,defensive,low,low
S-000556,C030,defensive,defensive,calm,moderate,moderate
S-000557,C030,defensive,defensive,defensive,moderate,moderate
S-000558,C030,defensive,defensive,unclear,high,high
S-000559,C030,withdrawn,unclear,unclear,high,high
S-000560,C030,calm_reflective,calm,distressed,moderate,moderate
S-000561,C030,defensive,defensive,defensive,moderate,moderate
S-000562,C030,distressed,distressed,distressed,high,high
S-000563,C030,calm_reflective,calm,calm,low,low
S-000564,C030,defensive,defensive,defensive,low,low
S-000565,C030,defensive,defensive,calm,moderate,moderate
S-000566,C030,defensive,defensive,defensive,moderate,moderate
S-000567,C030,defensive,defensive,defensive,high,high
S-000568,C030,distressed,distressed,distressed,high,high
S-000569,C030,calm_reflective,calm,calm,moderate,moderate
S-000570,C030,defensive,defensive,defensive,low,low
S-000571,C030,calm_reflective,calm,calm,moderate,moderate
S-000572,C030,defensive,defensive,defensive,low,low
S-000573,C030,defensive,defensive,defensive,moderate,moderate
S-000574,C030,defensive,defensive,calm,moderate,moderate
S-000575,C031,defensive,defensive,defensive,low,low
S-000576,C031,withdrawn,unclear,unclear,high,high
S-000577,C031,defensive,defensive,defensive,moderate,moderate
S-000578,C031,withdrawn,unclear,defensive,moderate,moderate
S-000579,C031,calm_reflective,calm,calm,moderate,moderate
S-000580,C031,withdrawn,unclear,unclear,low,low
S-000581,C031,withdrawn,unclear,calm,moderate,moderate
S-000582,C031,calm_reflective,calm,distressed,high,high
S-000583,C031,withdrawn,unclear,unclear,moderate,moderate
S-000584,C031,withdrawn,unclear,unclear,moderate,moderate
S-000585,C031,withdrawn,unclear,unclear,moderate,moderate
S-000586,C031,withdrawn,unclear,distressed,moderate,moderate
S-000587,C031,withdrawn,unclear,unclear,high,high
S-000588,C031,calm_reflective,calm,calm,low,low
S-000589,C031,calm_reflective,calm,calm,high,high
S-000590,C031,withdrawn,unclear,unclear,moderate,moderate
S-000591,C031,withdrawn,unclear,unclear,high,high
S-000592,C031,withdrawn,unclear,unclear,low,low
S-000593,C031,withdrawn,unclear,distressed,low,low
S-000594,C031,withdrawn,unclear,distressed,low,low
S-000595,C031,withdrawn,unclear,unclear,moderate,moderate
S-000596,C031,withdrawn,unclear,unclear,high,high
S-000597,C032,defensive,defensive,defensive,high,high
S-000598,C032,defensive,defensive,defensive,low,low
S-000599,C032,defensive,defensive,defensive,high,high
S-000600,C032,defensive,defensive,defensive,high,high
S-000601,C032,defensive,defensive,defensive,moderate,moderate
S-000602,C032,defensive,defensive,defensive,low,low
S-000603,C032,distressed,distressed,distressed,moderate,moderate
S-000604,C032,defensive,defensive,defensive,low,low
S-000605,C032,defensive,defensive,calm,moderate,moderate
S-000606,C032,withdrawn,unclear,distressed,moderate,moderate
S-000607,C032,defensive,defensive,defensive,low,low
S-000608,C032,defensive,defensive,defensive,moderate,moderate
S-000609,C032,defensive,defensive,defensive,low,low
S-000610,C032,defensive,defensive,unclear,moderate,moderate
S-000611,C032,defensive,defensive,defensive,moderate,moderate
S-000612,C032,defensive,defensive,defensive,high,high
S-000613,C033,defensive,defensive,defensive,moderate,moderate
S-000614,C033,defensive,defensive,distressed,moderate,moderate
S-000615,C033,defensive,defensive,defensive,moderate,moderate
S-000616,C033,defensive,defensive,defensive,low,low
S-000617,C033,defensive,defensive,calm,moderate,moderate
S-000618,C033,defensive,defensive,defensive,low,low
S-000619,C033,distressed,distressed,distressed,low,low
S-000620,C033,defensive,defensive,defensive,low,low
S-000621,C033,distressed,distressed,distressed,moderate,moderate
S-000622,C033,defensive,defensive,defensive,low,low
S-000623,C033,defensive,defensive,defensive,low,low
S-000624,C033,defensive,defensive,unclear,low,low
S-000625,C033,defensive,defensive,defensive,low,low
S-000626,C033,defensive,defensive,defensive,low,low
S-000627,C033,defensive,defensive,defensive,moderate,moderate
S-000628,C034,defensive,defensive,defensive,low,low
S-000629,C034,defensive,defensive,defensive,moderate,moderate
S-000630,C034,defensive,defensive,defensive,moderate,moderate
S-000631,C034,defensive,defensive,defensive,high,high
S-000632,C034,defensive,defensive,defensive,low,low
S-000633,C034,calm_reflective,calm,calm,moderate,moderate
S-000634,C034,defensive,defensive,defensive,moderate,moderate
S-000635,C034,defensive,defensive,defensive,moderate,moderate
S-000636,C034,defensive,defensive,defensive,moderate,moderate
S-000637,C034,defensive,defensive,defensive,low,low
S-000638,C034,defensive,defensive,defensive,moderate,moderate
S-000639,C034,defensive,defensive,defensive,moderate,moderate
S-000640,C034,defensive,defensive,defensive,moderate,moderate
S-000641,C034,defensive,defensive,defensive,high,high
S-000642,C034,withdrawn,unclear,unclear,high,high
S-000643,C034,defensive,defensive,defensive,low,low
S-000644,C034,calm_reflective,calm,calm,low,low
S-000645,C034,defensive,defensive,defensive,moderate,moderate
S-000646,C034,calm_reflective,calm,calm,moderate,moderate
S-000647,C035,defensive,defensive,defensive,low,low
S-000648,C035,defensive,defensive,defensive,low,low
S-000649,C035,withdrawn,unclear,unclear,low,low
S-000650,C035,calm_reflective,calm,calm,high,high
S-000651,C035,calm_reflective,calm,calm,moderate,moderate
S-000652,C035,calm_reflective,calm,distressed,moderate,moderate
S-000653,C035,calm_reflective,calm,calm,low,low
S-000654,C035,calm_reflective,calm,calm,low,low
S-000655,C035,defensive,defensive,defensive,moderate,moderate
S-000656,C035,calm_reflective,calm,calm,low,low
S-000657,C035,calm_reflective,calm,calm,high,high
S-000658,C035,distressed,distressed,distressed,low,low
S-000659,C035,calm_reflective,calm,defensive,low,low
S-000660,C035,calm_reflective,calm,calm,low,low
S-000661,C035,calm_reflective,calm,calm,moderate,moderate
S-000662,C035,calm_reflective,calm,calm,high,high
S-000663,C036,calm_reflective,calm,calm,moderate,moderate
S-000664,C036,calm_reflective,calm,calm,low,low
S-000665,C036,calm_reflective,calm,calm,moderate,moderate
S-000666,C036,calm_reflective,calm,calm,low,low
S-000667,C036,calm_reflective,calm,calm,moderate,moderate
S-000668,C036,calm_reflective,calm,distressed,low,low
S-000669,C036,calm_reflective,calm,calm,moderate,moderate
S-000670,C036,calm_reflective,calm,calm,high,high
S-000671,C036,calm_reflective,calm,calm,moderate,moderate
S-000672,C036,calm_reflective,calm,calm,moderate,moderate
S-000673,C036,calm_reflective,calm,calm,low,low
S-000674,C036,calm_reflective,calm,calm,low,low
S-000675,C036,calm_reflective,calm,calm,moderate,moderate
S-000676,C036,calm_reflective,calm,calm,low,low
S-000677,C036,calm_reflective,calm,distressed,moderate,moderate
S-000678,C036,defensive,defensive,defensive,moderate,moderate
S-000679,C036,defensive,defensive,defensive,moderate,moderate
S-000680,C037,distressed,distressed,distressed,low,low
S-000681,C037,calm_reflective,calm,calm,low,low
S-000682,C037,calm_reflective,calm,calm,moderate,moderate
S-000683,C037,calm_reflective,calm,calm,low,low
S-000684,C037,calm_reflective,calm,calm,low,low
S-000685,C037,withdrawn,unclear,unclear,moderate,moderate
S-000686,C037,calm_reflective,calm,calm,low,low
S-000687,C037,calm_reflective,calm,calm,high,high
S-000688,C037,defensive,defensive,defensive,high,high
S-000689,C037,calm_reflective,calm,calm,moderate,moderate
S-000690,C037,calm_reflective,calm,calm,moderate,moderate
S-000691,C037,calm_reflective,calm,calm,low,low
S-000692,C037,calm_reflective,calm,calm,moderate,moderate
S-000693,C037,calm_reflective,calm,calm,moderate,moderate
S-000694,C037,calm_reflective,calm,calm,moderate,moderate
S-000695,C037,calm_reflective,calm,calm,moderate,moderate
S-000696,C037,calm_reflective,calm,distressed,moderate,moderate
S-000697,C037,calm_reflective,calm,calm,low,low
S-000698,C037,calm_reflective,calm,calm,low,low
S-000699,C037,calm_reflective,calm,calm,low,low
S-000700,C037,defensive,defensive,defensive,moderate,moderate
S-000701,C037,calm_reflective,calm,calm,low,low
S-000702,C038,calm_reflective,calm,calm,low,low
S-000703,C038,calm_reflective,calm,calm,high,high
S-000704,C038,calm_reflective,calm,calm,low,low
S-000705,C038,distressed,distressed,distressed,low,low
S-000706,C038,defensive,defensive,defensive,moderate,moderate
S-000707,C038,distressed,distressed,distressed,low,low
S-000708,C038,calm_reflective,calm,calm,high,high
S-000709,C038,defensive,defensive,defensive,moderate,moderate
S-000710,C038,defensive,defensive,defensive,moderate,moderate
S-000711,C038,calm_reflective,calm,calm,low,low
S-000712,C038,calm_reflective,calm,calm,high,high
S-000713,C038,calm_reflective,calm,calm,low,low
S-000714,C038,calm_reflective,calm,calm,moderate,moderate
S-000715,C038,calm_reflective,calm,calm,moderate,moderate
S-000716,C038,calm_reflective,calm,distressed,high,high
S-000717,C038,calm_reflective,calm,calm,moderate,moderate
S-000718,C039,distressed,distressed,distressed,moderate,moderate
S-000719,C039,distressed,distressed,distressed,high,high
S-000720,C039,defensive,defensive,defensive,low,low
S-000721,C039,distressed,distressed,distressed,low,low
S-000722,C039,distressed,distressed,distressed,low,low
S-000723,C039,distressed,distressed,distressed,moderate,moderate
S-000724,C039,distressed,distressed,distressed,low,low
S-000725,C039,distressed,distressed,distressed,low,low
S-000726,C039,distressed,distressed,distressed,low,low
S-000727,C039,distressed,distressed,distressed,low,low
S-000728,C039,distressed,distressed,distressed,high,high
S-000729,C039,distressed,distressed,distressed,low,low
S-000730,C039,distressed,distressed,distressed,high,high
S-000731,C040,defensive,defensive,defensive,moderate,moderate
S-000732,C040,calm_reflective,calm,calm,high,high
S-000733,C040,defensive,defensive,defensive,low,low
S-000734,C040,defensive,defensive,unclear,moderate,moderate
S-000735,C040,defensive,defensive,defensive,moderate,moderate
S-000736,C040,calm_reflective,calm,calm,moderate,moderate
S-000737,C040,defensive,defensive,defensive,high,high
S-000738,C040,defensive,defensive,distressed,low,low
S-000739,C040,calm_reflective,calm,calm,high,high
S-000740,C040,defensive,defensive,defensive,low,low
S-000741,C040,defensive,defensive,defensive,high,high
S-000742,C040,defensive,defensive,defensive,high,high
S-000743,C040,defensive,defensive,defensive,moderate,moderate
S-000744,C040,defensive,defensive,defensive,moderate,moderate
S-000745,C040,defensive,defensive,defensive,low,low
S-000746,C040,withdrawn,unclear,distressed,low,low
S-000747,C040,defensive,defensive,defensive,moderate,moderate
S-000748,C040,withdrawn,unclear,distressed,high,high
S-000749,C040,defensive,defensive,defensive,low,low
S-000750,C040,defensive,defensive,defensive,moderate,moderate
S-000751,C040,defensive,defensive,defensive,low,low
S-000752,C040,defensive,defensive,defensive,low,low
S-000753,C040,defensive,defensive,defensive,moderate,moderate
S-000754,C040,defensive,defensive,defensive,low,low
